sku_id,WAPE (%),Bias (%)
FOODS_1_001_CA_1,57.170895656704424,-45.85108563753463
FOODS_1_001_CA_2,63.671805283208535,9.849602270745619
FOODS_1_001_CA_3,58.12920230213183,-0.9860297008734302
FOODS_1_001_CA_4,55.19144919124044,-37.160878708113586
FOODS_1_001_TX_1,137.51124377943486,72.60212307904003
FOODS_1_001_TX_2,49.70793098082458,13.352952994903717
FOODS_1_001_TX_3,45.44491849783806,-11.026967522569901
FOODS_1_001_WI_1,78.14738222090195,51.43268446705888
FOODS_1_001_WI_2,61.112386571725196,-5.757753968170716
FOODS_1_001_WI_3,54.048229334521125,-1.7621864451307792
FOODS_1_002_CA_1,55.13348537269622,-15.308291530387882
FOODS_1_002_CA_2,38.92489897698655,-2.0243951924582237
FOODS_1_002_CA_3,44.8392003725942,-28.13069256712372
FOODS_1_002_CA_4,94.48418472521266,67.31817325890559
FOODS_1_002_TX_1,576.339140454714,576.339140454714
FOODS_1_002_TX_2,74.2946776694896,56.40978889770805
FOODS_1_002_TX_3,59.063671107278104,-18.169254805851327
FOODS_1_002_WI_1,22.22005195237533,7.0323146059422
FOODS_1_002_WI_2,18.609102238004564,-2.2488996175563156
FOODS_1_002_WI_3,47.85830109107909,35.71591581134504
FOODS_1_003_CA_1,28.877331143816104,-11.341460080245712
FOODS_1_003_CA_2,38.171336374015326,-10.801965976240076
FOODS_1_003_CA_3,29.09562946941009,-23.497892250491486
FOODS_1_003_CA_4,37.11594678587007,-15.083574029141042
FOODS_1_003_TX_1,57.807382516453565,-15.095255238803556
FOODS_1_003_TX_2,57.01326220205952,-52.25944177690025
FOODS_1_003_TX_3,346.8908568718458,321.1999639395581
FOODS_1_003_WI_1,39.465945047237675,-22.493016460903874
FOODS_1_003_WI_2,95.61407184094993,13.904999527933093
FOODS_1_003_WI_3,110.32941091395479,-1.7807547601850882
FOODS_1_004_CA_1,inf,inf
FOODS_1_004_CA_2,inf,inf
FOODS_1_004_CA_3,3135.917377504002,3051.1334057437657
FOODS_1_004_CA_4,inf,inf
FOODS_1_004_TX_1,inf,inf
FOODS_1_004_TX_2,inf,inf
FOODS_1_004_TX_3,inf,inf
FOODS_1_004_WI_1,inf,inf
FOODS_1_004_WI_2,inf,inf
FOODS_1_004_WI_3,inf,inf
FOODS_1_005_CA_1,33.5535561204486,20.179142560455727
FOODS_1_005_CA_2,54.42073249608023,-43.52962778697277
FOODS_1_005_CA_3,28.158453606332056,6.08051922765496
FOODS_1_005_CA_4,57.784023815271055,-48.328932078628874
FOODS_1_005_TX_1,37.35584497507423,-15.784635683743197
FOODS_1_005_TX_2,64.16005276338745,4.682192570659599
FOODS_1_005_TX_3,29.406708493333205,-3.143344758741714
FOODS_1_005_WI_1,23.598475244206803,-22.66556865037628
FOODS_1_005_WI_2,41.28271851036162,39.05668676807005
FOODS_1_005_WI_3,33.12308229834585,-1.677625754595655
FOODS_1_006_CA_1,19.739773026175687,-4.271752404441099
FOODS_1_006_CA_2,52.50904995857717,2.3443013133327124
FOODS_1_006_CA_3,20.909057726106415,13.36589150779542
FOODS_1_006_CA_4,21.13501809216291,11.579671381182909
FOODS_1_006_TX_1,45.00731273693506,8.306085239586293
FOODS_1_006_TX_2,40.78090536320735,-2.028979910747765
FOODS_1_006_TX_3,237.10804065564193,234.83265972190756
FOODS_1_006_WI_1,49.19604577913411,-7.8642925089539215
FOODS_1_006_WI_2,34.18275320325137,-3.9581781724888825
FOODS_1_006_WI_3,58.88963006996626,-20.698320093135592
FOODS_1_008_CA_1,85.75421021360339,83.01643113090442
FOODS_1_008_CA_2,60.18149374955956,6.818461993039024
FOODS_1_008_CA_3,275.3343254176332,239.47179218684522
FOODS_1_008_CA_4,70.7713026303139,24.433898440951076
FOODS_1_008_TX_1,152.8799796071459,50.76706579547238
FOODS_1_008_TX_2,118.02296869226348,44.12606192194072
FOODS_1_008_TX_3,93.72696575040914,17.958940465147304
FOODS_1_008_WI_1,40.851548577807286,-11.507696479004856
FOODS_1_008_WI_2,102.98068570608352,63.96006373453336
FOODS_1_008_WI_3,109.18134481651936,65.34798639329706
FOODS_1_009_CA_1,inf,inf
FOODS_1_009_CA_2,inf,inf
FOODS_1_009_CA_3,3039.801887425209,3039.801887425209
FOODS_1_009_CA_4,inf,inf
FOODS_1_009_TX_1,inf,inf
FOODS_1_009_TX_2,inf,inf
FOODS_1_009_TX_3,inf,inf
FOODS_1_009_WI_1,inf,inf
FOODS_1_009_WI_2,inf,inf
FOODS_1_009_WI_3,inf,inf
FOODS_1_010_CA_1,189.1292339410261,90.26216630688778
FOODS_1_010_CA_2,81.50961116106447,10.277898698462673
FOODS_1_010_CA_3,37.34767378213385,-10.490726480133011
FOODS_1_010_CA_4,1352.1965179952892,1352.1965179952892
FOODS_1_010_TX_1,72.21066895886892,-38.5328223613594
FOODS_1_010_TX_2,62.11865089682189,10.108508417449718
FOODS_1_010_TX_3,28.376963145295857,-17.22933435427261
FOODS_1_010_WI_1,41.25813047459107,-31.611627384486766
FOODS_1_010_WI_2,91.29273828571854,-1.351230734485529
FOODS_1_010_WI_3,61.739838513428445,26.945745275682086
FOODS_1_011_CA_1,54.25597218632792,19.254084249202577
FOODS_1_011_CA_2,36.62810517635883,-35.171833089756205
FOODS_1_011_CA_3,49.98798656413437,-44.95783359693024
FOODS_1_011_CA_4,29.45502992886736,-29.211454927171566
FOODS_1_011_TX_1,58.30915556654197,12.629712400546431
FOODS_1_011_TX_2,92.52498750978053,62.34540256335431
FOODS_1_011_TX_3,40.29646160285284,-20.205194089924568
FOODS_1_011_WI_1,32.740908959599174,-25.963901797427084
FOODS_1_011_WI_2,33.08984670741311,-25.407809373191775
FOODS_1_011_WI_3,61.610411138701025,42.67069815546041
HOBBIES_1_001_CA_1,41.854103507885455,-37.05902179128211
HOBBIES_1_001_CA_2,40.04937946190611,-30.40086517981189
HOBBIES_1_001_CA_3,30.74119584338571,-22.189720198003318
HOBBIES_1_001_CA_4,45.442817053125324,-15.364289189674112
HOBBIES_1_001_TX_1,13.760215546185098,-11.616801953095226
HOBBIES_1_001_TX_2,55.35465925296609,42.52088957677335
HOBBIES_1_001_TX_3,19.189245855660992,15.492645946535283
HOBBIES_1_001_WI_1,38.62081529639604,-2.55904323865068
HOBBIES_1_001_WI_2,91.90923308138255,86.1529822504888
HOBBIES_1_001_WI_3,79.26504374831343,19.66910409210487
HOBBIES_1_002_CA_1,90.3588964650667,58.41702476492991
HOBBIES_1_002_CA_2,153.75553745848856,118.32930436583311
HOBBIES_1_002_CA_3,416.6136602827568,410.8786065941694
HOBBIES_1_002_CA_4,113.95151096133797,50.18648353172003
HOBBIES_1_002_TX_1,260.9630338350242,205.0774445617845
HOBBIES_1_002_TX_2,166.20722191850362,75.81109573957839
HOBBIES_1_002_TX_3,73.72165806626847,47.659336631857265
HOBBIES_1_002_WI_1,45.14921925409976,1.7637015576406956
HOBBIES_1_002_WI_2,33.35915910300635,1.6621292098356875
HOBBIES_1_002_WI_3,70.84650053085075,-2.2906472592194067
HOBBIES_1_003_CA_1,71.59998388921241,-16.083370461868228
HOBBIES_1_003_CA_2,52.32190259354027,0.6807534387645937
HOBBIES_1_003_CA_3,51.3790036191405,-18.45622275420034
HOBBIES_1_003_CA_4,61.04496611179133,-42.530087164791205
HOBBIES_1_003_TX_1,95.48481510128073,-24.15808761929541
HOBBIES_1_003_TX_2,157.0736722484812,157.0736722484812
HOBBIES_1_003_TX_3,56.6858410231528,-3.1527780992564467
HOBBIES_1_003_WI_1,63.890542974653144,-29.392722977462032
HOBBIES_1_003_WI_2,58.565474349913636,4.165538074485738
HOBBIES_1_003_WI_3,413.91209946375403,413.91209946375403
HOBBIES_1_004_CA_1,20.50852847568804,15.758952633668757
HOBBIES_1_004_CA_2,24.791806189143443,14.334385081796647
HOBBIES_1_004_CA_3,31.081017218154916,-22.746731440412002
HOBBIES_1_004_CA_4,37.54773543965876,-15.277364185099385
HOBBIES_1_004_TX_1,34.81013905902858,-18.358933612177907
HOBBIES_1_004_TX_2,41.241632485123766,-27.961051663073693
HOBBIES_1_004_TX_3,113.51172452611442,107.08779133775568
HOBBIES_1_004_WI_1,76.03526008449654,69.50035346106802
HOBBIES_1_004_WI_2,48.21305056683489,29.03527467263176
HOBBIES_1_004_WI_3,108.65068286542108,100.29550500326778
HOBBIES_1_005_CA_1,11.216221686136576,-1.0205039367440036
HOBBIES_1_005_CA_2,28.18337151704387,-5.400073625122392
HOBBIES_1_005_CA_3,42.753400399105836,-36.09204554746478
HOBBIES_1_005_CA_4,38.55807969278689,18.018639455842578
HOBBIES_1_005_TX_1,32.70719235347981,-19.93365752931802
HOBBIES_1_005_TX_2,66.40041144918467,31.860885602572942
HOBBIES_1_005_TX_3,51.622527696316126,9.3432880158969
HOBBIES_1_005_WI_1,45.686264554607135,-8.121474229063049
HOBBIES_1_005_WI_2,37.512195503191194,-22.500321744564392
HOBBIES_1_005_WI_3,67.58947588723821,16.49917719438248
HOBBIES_1_006_CA_1,24.628522081069626,6.626092159410396
HOBBIES_1_006_CA_2,29.300354255121896,-0.6549951237180359
HOBBIES_1_006_CA_3,24.86984638791411,-9.957890613590061
HOBBIES_1_006_CA_4,66.0135172585485,1.186428984730638
HOBBIES_1_006_TX_1,69.3897345335027,42.070535715156026
HOBBIES_1_006_TX_2,49.19286701038292,-43.66953300958297
HOBBIES_1_006_TX_3,55.190416907512564,-23.923517517671257
HOBBIES_1_006_WI_1,36.94426594105585,32.49034492265132
HOBBIES_1_006_WI_2,48.086354611219505,-24.076075585970038
HOBBIES_1_006_WI_3,42.63253863131397,-36.077200273873665
HOBBIES_1_007_CA_1,44.72280183559912,-20.79254902446073
HOBBIES_1_007_CA_2,17.569373046855596,6.841666558864613
HOBBIES_1_007_CA_3,36.249734618676555,-29.39022925432465
HOBBIES_1_007_CA_4,70.68019757289478,-5.863230265032987
HOBBIES_1_007_TX_1,46.00916437163875,-11.027772741761076
HOBBIES_1_007_TX_2,59.93354405103768,3.621680293751839
HOBBIES_1_007_TX_3,43.7937965985585,-12.609585080669053
HOBBIES_1_007_WI_1,34.800893809902725,-18.69175505983051
HOBBIES_1_007_WI_2,203.75467629806562,196.65541952508156
HOBBIES_1_007_WI_3,69.00678552195352,-3.8731364033132736
HOBBIES_1_008_CA_1,61.63038078657971,31.636811718175434
HOBBIES_1_008_CA_2,39.44829294714282,-0.6273633104080641
HOBBIES_1_008_CA_3,50.77597504564147,-7.651364079321139
HOBBIES_1_008_CA_4,44.108291812368215,-20.335311052737577
HOBBIES_1_008_TX_1,47.87655624972772,-35.976551570564276
HOBBIES_1_008_TX_2,72.06489362450549,52.48297277222994
HOBBIES_1_008_TX_3,23.56668162627657,5.88760218045204
HOBBIES_1_008_WI_1,38.244141509025596,-25.276204428917936
HOBBIES_1_008_WI_2,40.58742088211734,-8.585555547732364
HOBBIES_1_008_WI_3,44.35887594873634,16.206861137400562
HOBBIES_1_009_CA_1,66.98625725031451,-40.08910385004862
HOBBIES_1_009_CA_2,88.65224256323233,-1.3227611951667662
HOBBIES_1_009_CA_3,86.36448902474686,42.54220038241728
HOBBIES_1_009_CA_4,93.07488048617653,81.71709196288639
HOBBIES_1_009_TX_1,84.36376423083605,-4.294273137117086
HOBBIES_1_009_TX_2,67.31182244024423,-7.924780639400334
HOBBIES_1_009_TX_3,100.33477268935293,20.877546272689116
HOBBIES_1_009_WI_1,88.6910896548138,-12.46015767677504
HOBBIES_1_009_WI_2,106.11423785115608,47.470126421424006
HOBBIES_1_009_WI_3,63.37250903070652,31.59142397873145
HOBBIES_1_010_CA_1,60.431041198481786,16.84759989562434
HOBBIES_1_010_CA_2,286.82323753939824,286.82323753939824
HOBBIES_1_010_CA_3,40.26762731621572,5.136961713999957
HOBBIES_1_010_CA_4,99.12091043236467,65.50191326185166
HOBBIES_1_010_TX_1,36.09386565851217,8.484891684381564
HOBBIES_1_010_TX_2,38.97665409929846,-33.89015377358774
HOBBIES_1_010_TX_3,26.146186856660798,-16.51922609803834
HOBBIES_1_010_WI_1,28.27959897394719,-18.750004657167153
HOBBIES_1_010_WI_2,116.21329338958645,67.37994913115394
HOBBIES_1_010_WI_3,31.956726248738164,-26.028520340059135
HOUSEHOLD_1_001_CA_1,88.86419824505919,88.86419824505919
HOUSEHOLD_1_001_CA_2,54.33491191332085,-54.33491191332085
HOUSEHOLD_1_001_CA_3,58.399608871477746,-58.399608871477746
HOUSEHOLD_1_001_CA_4,43.14535702859007,7.113838832204049
HOUSEHOLD_1_001_TX_1,51.03878893031101,24.30046176885994
HOUSEHOLD_1_001_TX_2,242.80053305236063,242.80053305236063
HOUSEHOLD_1_001_TX_3,213.61755557104996,210.930859273749
HOUSEHOLD_1_001_WI_1,35.4745538545306,35.4745538545306
HOUSEHOLD_1_001_WI_2,80.20842450025795,-17.865857487281787
HOUSEHOLD_1_001_WI_3,69.3269179241804,62.241701490627875
HOUSEHOLD_1_002_CA_1,1691.2666221103364,1691.2666221103364
HOUSEHOLD_1_002_CA_2,34.05364330301713,-32.70910236993985
HOUSEHOLD_1_002_CA_3,69.0359793046359,36.32237079397142
HOUSEHOLD_1_002_CA_4,50.980259567756505,-2.0162630073132557
HOUSEHOLD_1_002_TX_1,244.812027183136,205.39954410473246
HOUSEHOLD_1_002_TX_2,44.4888158375794,-11.569846501858592
HOUSEHOLD_1_002_TX_3,551.4627665197995,490.14988051848104
HOUSEHOLD_1_002_WI_1,44.89031462978004,43.66853084205346
HOUSEHOLD_1_002_WI_2,48.065890530863456,31.108096021690244
HOUSEHOLD_1_002_WI_3,61.00136591337751,48.36763588497742
HOUSEHOLD_1_003_CA_1,28.037850107016464,-23.451694503787714
HOUSEHOLD_1_003_CA_2,90.68815625277782,90.68815625277782
HOUSEHOLD_1_003_CA_3,39.56883302918443,38.37645894036484
HOUSEHOLD_1_003_CA_4,128.98688407762455,128.98688407762455
HOUSEHOLD_1_003_TX_1,54.78328899146212,8.855685394012763
HOUSEHOLD_1_003_TX_2,77.62365732523874,70.51652375411315
HOUSEHOLD_1_003_TX_3,41.94693037515597,30.674851116443573
HOUSEHOLD_1_003_WI_1,84.71433544072694,84.71433544072694
HOUSEHOLD_1_003_WI_2,121.68791493782425,108.16725047666553
HOUSEHOLD_1_003_WI_3,50.168530012232395,24.258172830021135
HOUSEHOLD_1_004_CA_1,57.68775837038118,56.80027545585139
HOUSEHOLD_1_004_CA_2,39.580421652921636,17.34713531114183
HOUSEHOLD_1_004_CA_3,35.20149321665844,-33.83479078110441
HOUSEHOLD_1_004_CA_4,81.29734737955793,28.494326461958195
HOUSEHOLD_1_004_TX_1,51.07224933859731,-18.381914328630682
HOUSEHOLD_1_004_TX_2,70.6886474056366,47.76489913181916
HOUSEHOLD_1_004_TX_3,37.131184411113246,4.464716604733795
HOUSEHOLD_1_004_WI_1,33.430261079374816,-2.984001129519607
HOUSEHOLD_1_004_WI_2,98.38065624511985,28.47058204747917
HOUSEHOLD_1_004_WI_3,45.75188474035904,-32.55923778200961
HOUSEHOLD_1_005_CA_1,34.152833750935166,22.290906617029048
HOUSEHOLD_1_005_CA_2,22.006955037827765,-0.39061330198042754
HOUSEHOLD_1_005_CA_3,56.046506837661916,30.852501129130104
HOUSEHOLD_1_005_CA_4,23.64117495248039,-18.821007767348227
HOUSEHOLD_1_005_TX_1,36.083362920361886,11.299585983512111
HOUSEHOLD_1_005_TX_2,46.10502385695794,46.10502385695794
HOUSEHOLD_1_005_TX_3,34.674143123635425,34.674143123635425
HOUSEHOLD_1_005_WI_1,40.29368671216929,34.07694035772493
HOUSEHOLD_1_005_WI_2,109.18126779320183,109.18126779320183
HOUSEHOLD_1_005_WI_3,171.65662749864842,171.65662749864842
HOUSEHOLD_1_006_CA_1,38.22003659031672,-30.938267206613407
HOUSEHOLD_1_006_CA_2,32.038721549735044,0.16793605841619735
HOUSEHOLD_1_006_CA_3,35.20729675811009,-30.25904978892947
HOUSEHOLD_1_006_CA_4,35.57856666427475,-14.460147370017326
HOUSEHOLD_1_006_TX_1,26.604182677784312,1.2212959712816662
HOUSEHOLD_1_006_TX_2,28.094601751029124,-27.97614460349825
HOUSEHOLD_1_006_TX_3,28.595164617982903,-15.694938552723183
HOUSEHOLD_1_006_WI_1,55.96870705071364,-7.710370044301385
HOUSEHOLD_1_006_WI_2,50.70409845358471,4.395169162886134
HOUSEHOLD_1_006_WI_3,44.53780192616793,-25.45240748703124
HOUSEHOLD_1_007_CA_1,20.617997788096652,-5.881661600148053
HOUSEHOLD_1_007_CA_2,39.293692784815036,-19.891828289680056
HOUSEHOLD_1_007_CA_3,22.856178022785414,-7.22674685909863
HOUSEHOLD_1_007_CA_4,37.20250830020382,-29.740312000104314
HOUSEHOLD_1_007_TX_1,16.53344558108223,-12.378529826912489
HOUSEHOLD_1_007_TX_2,36.17663851468384,-36.13759929477231
HOUSEHOLD_1_007_TX_3,37.04277368065284,-27.6817185078159
HOUSEHOLD_1_007_WI_1,158.6495726686473,143.9328596721579
HOUSEHOLD_1_007_WI_2,15.298869612472776,-14.427666006130238
HOUSEHOLD_1_007_WI_3,26.597336518607218,21.810881113199883
HOUSEHOLD_1_008_CA_1,26.035975647607025,-26.035975647607025
HOUSEHOLD_1_008_CA_2,69.08140982761144,4.325028594796776
HOUSEHOLD_1_008_CA_3,56.78339388377478,-18.90166910707325
HOUSEHOLD_1_008_CA_4,42.977964778916345,-10.439767815867606
HOUSEHOLD_1_008_TX_1,52.83734995860239,-2.9070098497295067
HOUSEHOLD_1_008_TX_2,30.999393936349318,-9.759114668999912
HOUSEHOLD_1_008_TX_3,38.85493402965242,-29.03522585817051
HOUSEHOLD_1_008_WI_1,88.4518390745999,16.104820469606437
HOUSEHOLD_1_008_WI_2,59.81558920789083,-16.42339537144234
HOUSEHOLD_1_008_WI_3,47.486457830639864,-42.72964856315022
HOUSEHOLD_1_009_CA_1,42.21518631804733,40.79112298229673
HOUSEHOLD_1_009_CA_2,26.457333821777258,-20.38267824560038
HOUSEHOLD_1_009_CA_3,57.59824575665051,-57.58772939140787
HOUSEHOLD_1_009_CA_4,28.342475300455185,-17.070704561775248
HOUSEHOLD_1_009_TX_1,59.14408804040961,-8.347860817234494
HOUSEHOLD_1_009_TX_2,50.004233824608626,29.392104264541253
HOUSEHOLD_1_009_TX_3,110.00767292777122,47.7180618311474
HOUSEHOLD_1_009_WI_1,50.97310143691991,13.11965963833172
HOUSEHOLD_1_009_WI_2,81.64095662449256,-3.969061504961613
HOUSEHOLD_1_009_WI_3,59.27099476227984,46.920372224322065
HOUSEHOLD_1_010_CA_1,27.87845207888338,-27.70242809285439
HOUSEHOLD_1_010_CA_2,32.1670756062461,-6.269355849871914
HOUSEHOLD_1_010_CA_3,40.421699952035766,34.42683728537412
HOUSEHOLD_1_010_CA_4,100.48963361969831,28.32755639614888
HOUSEHOLD_1_010_TX_1,43.01285824526689,-24.803234217466567
HOUSEHOLD_1_010_TX_2,17.440686772750826,15.397143981649528
HOUSEHOLD_1_010_TX_3,51.73259382664658,-32.57903691033036
HOUSEHOLD_1_010_WI_1,48.017337421769476,-19.67409555619778
HOUSEHOLD_1_010_WI_2,46.58267660629906,25.632347639326454
HOUSEHOLD_1_010_WI_3,64.45086634186647,-62.58468043887141
