date,sku_id,opening_stock,units_sold,fulfilled_units,lost_sales_units,received_stock,order_placed_units,on_hand_units,reorder_point,reorder_quantity,on_order_units,lead_time_days,target_stock,inventory_status,estimated_inventory_value,days_of_supply,avg_weekly_forecast_rate,lead_time_demand,forward_window_demand,available_position,stockout_risk_score,overstock_risk_score,quadrant,recommended_action,unit_cost,list_price,stockout_value_at_risk,overstock_value_at_risk,estimated_value_at_stake
2016-04-24,FOODS_1_001_CA_1,12,0,0,0,0,0,12,7,24,0,5,12,Healthy,18.84,15.3,4.66996675900364,3.335690542145457,37.35973407202912,12,0.0,0.0,Healthy,No action needed; leave as is.,1.57,2.17,0.0,0.0,0.0
2016-04-24,FOODS_1_001_CA_2,9,4,4,0,0,0,5,10,36,36,5,18,Low Stock,7.85,4.3,8.645832904648671,6.175594931891908,69.16666323718937,41,0.0,0.0,Healthy,No action needed; leave as is.,1.57,2.17,0.0,0.0,0.0
2016-04-24,FOODS_1_001_CA_3,26,0,0,0,0,0,26,10,38,0,5,19,Healthy,40.82,21.6,6.353693902544664,4.5383527875319025,50.82955122035731,26,0.0,0.0,Healthy,No action needed; leave as is.,1.57,2.16,0.0,0.0,0.0
2016-04-24,FOODS_1_001_CA_4,11,1,1,0,0,0,10,3,12,0,5,6,Overstock,15.7,27.8,0.8232071471038788,0.5880051050741991,6.58565717683103,10,0.0,0.341434282316897,Healthy,No action needed; leave as is.,1.57,2.17,0.0,5.3605182323752825,5.3605182323752825
2016-04-24,FOODS_1_001_TX_1,10,0,0,0,0,0,10,5,18,0,5,9,Healthy,15.7,17.1,4.7045744094057325,3.360410292432666,37.63659527524586,10,0.0,0.0,Healthy,No action needed; leave as is.,1.57,2.16,0.0,0.0,0.0
2016-04-24,FOODS_1_001_TX_2,16,0,0,0,0,0,16,5,18,0,5,9,Overstock,25.12,27.5,4.073806874542112,2.9098620532443658,32.590454996336895,16,0.0,0.0,Healthy,No action needed; leave as is.,1.57,2.17,0.0,0.0,0.0
2016-04-24,FOODS_1_001_TX_3,7,0,0,0,0,0,7,4,14,0,5,7,Healthy,10.99,17.1,2.730454866255457,1.9503249044681836,21.843638930043657,7,0.0,0.0,Healthy,No action needed; leave as is.,1.57,2.17,0.0,0.0,0.0
2016-04-24,FOODS_1_001_WI_1,5,1,1,0,0,0,4,5,18,18,5,9,Low Stock,6.28,7.0,3.061520863746829,2.186800616962021,24.49216690997463,22,0.0,0.0,Healthy,No action needed; leave as is.,1.57,2.17,0.0,0.0,0.0
2016-04-24,FOODS_1_001_WI_2,16,0,0,0,0,0,16,4,14,0,5,7,Overstock,25.12,35.0,2.137188980266303,1.5265635573330736,17.097511842130423,16,0.0,0.0,Healthy,No action needed; leave as is.,1.57,2.17,0.0,0.0,0.0
2016-04-24,FOODS_1_001_WI_3,6,0,0,0,0,0,6,3,10,0,5,5,Healthy,9.42,20.4,0.7212266702278374,0.5151619073055982,5.769813361822699,6,0.0,0.038364439696216834,Healthy,No action needed; leave as is.,1.57,2.17,0.0,0.3613930219383626,0.3613930219383626
2016-04-24,FOODS_1_002_CA_1,9,0,0,0,0,0,9,4,16,0,5,8,Healthy,59.76,18.8,2.7156131849303047,1.9397237035216461,21.724905479442437,9,0.0,0.0,Healthy,No action needed; leave as is.,6.64,8.94,0.0,0.0,0.0
2016-04-24,FOODS_1_002_CA_2,18,0,0,0,0,0,18,5,20,0,5,10,Overstock,119.52,29.8,5.04145654901043,3.601040392150307,40.33165239208344,18,0.0,0.0,Healthy,No action needed; leave as is.,6.64,8.86,0.0,0.0,0.0
2016-04-24,FOODS_1_002_CA_3,5,1,1,0,0,0,4,3,10,0,5,5,Healthy,26.56,12.7,0.07299441537557999,0.05213886812541428,0.5839553230046399,4,0.0,0.85401116924884,Markdown / Clear,Promote or discount to free up capital.,6.64,8.94,0.0,22.68253665524919,22.68253665524919
2016-04-24,FOODS_1_002_CA_4,12,0,0,0,0,0,12,3,12,0,5,6,Overstock,79.68,35.9,1.8973270804984943,1.355233628927496,15.178616643987954,12,0.0,0.0,Healthy,No action needed; leave as is.,6.64,8.94,0.0,0.0,0.0
2016-04-24,FOODS_1_002_TX_1,8,0,0,0,0,0,8,2,6,0,5,3,Overstock,53.12,47.4,1.1489468047258657,0.8206762890899041,9.191574437806926,8,0.0,0.0,Healthy,No action needed; leave as is.,6.64,8.93,0.0,0.0,0.0
2016-04-24,FOODS_1_002_TX_2,3,0,0,0,0,0,3,2,8,0,5,4,Healthy,19.92,12.6,1.3229678068346988,0.9449770048819277,10.58374245467759,3,0.0,0.0,Healthy,No action needed; leave as is.,6.64,8.94,0.0,0.0,0.0
2016-04-24,FOODS_1_002_TX_3,8,0,0,0,0,0,8,3,10,0,5,5,Overstock,53.12,28.7,1.455719805254282,1.0397998608959156,11.645758442034255,8,0.0,0.0,Healthy,No action needed; leave as is.,6.64,8.94,0.0,0.0,0.0
2016-04-24,FOODS_1_002_WI_1,17,0,0,0,0,0,17,7,24,0,5,12,Healthy,112.88,22.6,7.447746661244116,5.319819043745797,59.58197328995293,17,0.0,0.0,Healthy,No action needed; leave as is.,6.64,8.94,0.0,0.0,0.0
2016-04-24,FOODS_1_002_WI_2,6,0,0,0,0,0,6,3,10,0,5,5,Healthy,39.84,18.2,3.3053368832542946,2.3609549166102104,26.442695066034357,6,0.0,0.0,Healthy,No action needed; leave as is.,6.64,8.99,0.0,0.0,0.0
2016-04-24,FOODS_1_002_WI_3,9,0,0,0,0,0,9,3,12,0,5,6,Overstock,59.76,26.9,1.1885777599852145,0.8489841142751533,9.508622079881716,9,0.0,0.0,Healthy,No action needed; leave as is.,6.64,8.94,0.0,0.0,0.0
2016-04-24,FOODS_1_003_CA_1,20,0,0,0,0,0,20,7,26,0,5,13,Overstock,45.2,24.0,5.235054769924478,3.7393248356603412,41.88043815939582,20,0.0,0.0,Healthy,No action needed; leave as is.,2.26,2.98,0.0,0.0,0.0
2016-04-24,FOODS_1_003_CA_2,18,3,3,0,0,0,15,14,50,0,5,25,Healthy,33.9,9.1,6.751665198400105,4.822617998857218,54.01332158720084,15,0.0,0.0,Healthy,No action needed; leave as is.,2.26,2.98,0.0,0.0,0.0
2016-04-24,FOODS_1_003_CA_3,5,0,0,0,0,0,5,9,32,32,5,16,Low Stock,11.3,4.8,4.544619646051829,3.2461568900370206,36.35695716841463,37,0.0,0.0,Healthy,No action needed; leave as is.,2.26,2.98,0.0,0.0,0.0
2016-04-24,FOODS_1_003_CA_4,14,0,0,0,0,0,14,4,16,0,5,8,Overstock,31.64,29.3,1.6413082152808371,1.1723630109148837,13.130465722246697,14,0.0,0.06210959126809306,Healthy,No action needed; leave as is.,2.26,2.98,0.0,1.9651474677224643,1.9651474677224643
2016-04-24,FOODS_1_003_TX_1,12,0,0,0,0,0,12,4,14,0,5,7,Overstock,27.12,26.2,1.6366798974123458,1.169057069580247,13.093439179298766,12,0.0,0.0,Healthy,No action needed; leave as is.,2.26,2.97,0.0,0.0,0.0
2016-04-24,FOODS_1_003_TX_2,13,0,0,0,0,0,13,4,14,0,5,7,Overstock,29.38,30.9,2.1857381364336153,1.561241526024011,17.485905091468922,13,0.0,0.0,Healthy,No action needed; leave as is.,2.26,2.98,0.0,0.0,0.0
2016-04-24,FOODS_1_003_TX_3,6,0,0,0,0,0,6,2,6,0,5,3,Overstock,13.56,39.4,1.3706628696338434,0.9790449068813167,10.965302957070747,6,0.0,0.0,Healthy,No action needed; leave as is.,2.26,2.97,0.0,0.0,0.0
2016-04-24,FOODS_1_003_WI_1,39,2,2,0,0,0,37,11,38,0,5,19,Overstock,83.62,29.4,8.016273477052206,5.725909626465861,64.13018781641765,37,0.0,0.0,Healthy,No action needed; leave as is.,2.26,2.98,0.0,0.0,0.0
2016-04-24,FOODS_1_003_WI_2,13,0,0,0,0,0,13,3,12,0,5,6,Overstock,29.38,35.1,0.0003316820751094875,0.0002369157679353482,0.0026534566008759,13,0.0,0.9997958879537787,Markdown / Clear,Promote or discount to free up capital.,2.26,2.97,0.0,29.374003188082018,29.374003188082018
2016-04-24,FOODS_1_003_WI_3,13,0,0,0,0,0,13,3,12,0,5,6,Overstock,29.38,36.6,1.5426358528867183,1.1018827520619416,12.341086823093747,13,0.0,0.050685628992788716,Healthy,No action needed; leave as is.,2.26,2.98,0.0,1.4891437798081322,1.4891437798081322
2016-04-24,FOODS_1_004_CA_1,293,0,0,0,0,0,293,67,248,0,5,124,Overstock,401.41,35.5,1.8233077049632835,1.3023626464023454,14.586461639706268,293,0.0,0.9502168544719922,Markdown / Clear,Promote or discount to free up capital.,1.37,1.85,0.0,381.42654755360246,381.42654755360246
2016-04-24,FOODS_1_004_CA_2,105,0,0,0,0,0,105,45,168,0,5,84,Healthy,143.85,19.0,0.5670926117173671,0.4050661512266908,4.536740893738937,105,0.0,0.956792943869153,Markdown / Clear,Promote or discount to free up capital.,1.37,1.85,0.0,137.63466497557766,137.63466497557766
2016-04-24,FOODS_1_004_CA_3,230,0,0,0,0,0,230,74,276,0,5,138,Overstock,315.1,25.1,5.973386907387361,4.266704933848115,47.78709525909889,230,0.0,0.7922300206126135,Markdown / Clear,Promote or discount to free up capital.,1.37,1.83,0.0,249.63167949503455,249.63167949503455
2016-04-24,FOODS_1_004_CA_4,34,0,0,0,0,0,34,16,60,0,5,30,Healthy,46.58,17.5,1.1126934858304005,0.794781061307429,8.901547886643204,34,0.0,0.7381897680399058,Markdown / Clear,Promote or discount to free up capital.,1.37,1.85,0.0,34.38487939529881,34.38487939529881
2016-04-24,FOODS_1_004_TX_1,114,0,0,0,0,0,114,46,170,0,5,85,Healthy,156.18,20.2,4.84092733452945,3.4578052389496072,38.7274186762356,114,0.0,0.6602858010856526,Markdown / Clear,Promote or discount to free up capital.,1.37,1.85,0.0,103.12343641355723,103.12343641355723
2016-04-24,FOODS_1_004_TX_2,157,0,0,0,0,0,157,55,206,0,5,103,Overstock,215.09,23.1,0.42870700343356044,0.3062192881668289,3.4296560274684835,157,0.0,0.9781550571498822,Markdown / Clear,Promote or discount to free up capital.,1.37,1.85,0.0,210.39137124236817,210.39137124236817
2016-04-24,FOODS_1_004_TX_3,173,0,0,0,0,0,173,53,196,0,5,98,Overstock,237.01,26.6,11.211697293602189,8.00835520971585,89.69357834881751,173,0.0,0.48154000954440745,Healthy,No action needed; leave as is.,1.37,1.85,0.0,114.12979766212003,114.12979766212003
2016-04-24,FOODS_1_004_WI_1,212,0,0,0,0,0,212,57,212,0,5,106,Overstock,290.44,30.2,1.6711762860471207,1.1936973471765149,13.369410288376965,212,0.0,0.9369367439227502,Markdown / Clear,Promote or discount to free up capital.,1.37,1.85,0.0,272.12390790492356,272.12390790492356
2016-04-24,FOODS_1_004_WI_2,335,0,0,0,0,0,335,79,294,0,5,147,Overstock,458.95,34.3,21.102450024078085,15.073178588627204,168.81960019262468,335,0.0,0.49606089494738903,Healthy,No action needed; leave as is.,1.37,1.85,0.0,227.6671477361042,227.6671477361042
2016-04-24,FOODS_1_004_WI_3,211,0,0,0,0,0,211,57,212,0,5,106,Overstock,289.07,30.1,0.4997990565553031,0.35699932611093077,3.998392452442425,211,0.0,0.9810502727372397,Markdown / Clear,Promote or discount to free up capital.,1.37,1.85,0.0,283.5922023401539,283.5922023401539
2016-04-24,FOODS_1_005_CA_1,2,1,1,0,0,0,1,10,36,36,5,18,Low Stock,2.48,0.9,9.488327746108531,6.777376961506094,75.90662196886825,37,0.0,0.0,Healthy,No action needed; leave as is.,2.48,3.33,0.0,0.0,0.0
2016-04-24,FOODS_1_005_CA_2,35,1,1,0,0,0,34,25,92,0,5,46,Healthy,84.32,11.2,28.147938644084977,20.105670460060697,225.18350915267982,34,0.0,0.0,Healthy,No action needed; leave as is.,2.48,3.33,0.0,0.0,0.0
2016-04-24,FOODS_1_005_CA_3,49,1,1,0,0,0,48,16,58,0,5,29,Overstock,119.04,25.3,24.570709095007807,17.55050649643415,196.56567276006245,48,0.0,0.0,Healthy,No action needed; leave as is.,2.48,3.27,0.0,0.0,0.0
2016-04-24,FOODS_1_005_CA_4,15,0,0,0,0,0,15,4,16,0,5,8,Overstock,37.2,31.8,3.3290313782837364,2.3778795559169548,26.63225102626989,15,0.0,0.0,Healthy,No action needed; leave as is.,2.48,3.33,0.0,0.0,0.0
2016-04-24,FOODS_1_005_TX_1,9,0,0,0,0,0,9,6,22,0,5,11,Healthy,22.32,12.9,4.511975090461317,3.2228393503295125,36.09580072369054,9,0.0,0.0,Healthy,No action needed; leave as is.,2.48,3.33,0.0,0.0,0.0
2016-04-24,FOODS_1_005_TX_2,9,1,1,0,0,0,8,9,32,32,5,16,Low Stock,19.84,7.5,8.374958655892078,5.982113325637199,66.99966924713662,40,0.0,0.0,Healthy,No action needed; leave as is.,2.48,3.32,0.0,0.0,0.0
2016-04-24,FOODS_1_005_TX_3,22,2,2,0,0,0,20,8,28,0,5,14,Healthy,49.6,22.4,6.88128969710985,4.915206926507036,55.0503175768788,20,0.0,0.0,Healthy,No action needed; leave as is.,2.48,3.33,0.0,0.0,0.0
2016-04-24,FOODS_1_005_WI_1,0,1,1,0,32,0,31,9,32,0,5,16,Overstock,76.88,30.3,19.28002658899606,13.771447563568614,154.24021271196847,31,0.0,0.0,Healthy,No action needed; leave as is.,2.48,3.33,0.0,0.0,0.0
2016-04-24,FOODS_1_005_WI_2,24,0,0,0,0,0,24,8,28,0,5,14,Overstock,59.52,27.1,24.980358826375834,17.843113447411312,199.84287061100667,24,0.0,0.0,Healthy,No action needed; leave as is.,2.48,3.36,0.0,0.0,0.0
2016-04-24,FOODS_1_005_WI_3,16,2,2,0,0,0,14,7,26,0,5,13,Healthy,34.72,16.4,14.713787618995951,10.509848299282822,117.71030095196761,14,0.0,0.0,Healthy,No action needed; leave as is.,2.48,3.34,0.0,0.0,0.0
2016-04-24,FOODS_1_006_CA_1,30,2,2,0,0,0,28,13,46,0,5,23,Healthy,48.72,18.6,12.789519312447613,9.13537093746258,102.3161544995809,28,0.0,0.0,Healthy,No action needed; leave as is.,1.74,2.22,0.0,0.0,0.0
2016-04-24,FOODS_1_006_CA_2,21,1,1,0,0,0,20,11,42,0,5,21,Healthy,34.8,14.9,5.121754082730674,3.658395773379053,40.97403266184539,20,0.0,0.0,Healthy,No action needed; leave as is.,1.74,2.22,0.0,0.0,0.0
2016-04-24,FOODS_1_006_CA_3,59,0,0,0,0,0,59,13,50,0,5,25,Overstock,102.66,36.7,10.944840592939775,7.817743280671268,87.5587247435182,59,0.0,0.0,Healthy,No action needed; leave as is.,1.74,2.22,0.0,0.0,0.0
2016-04-24,FOODS_1_006_CA_4,37,1,1,0,0,0,36,9,32,0,5,16,Overstock,62.64,35.7,10.525946634289156,7.51853331020654,84.20757307431325,36,0.0,0.0,Healthy,No action needed; leave as is.,1.74,2.22,0.0,0.0,0.0
2016-04-24,FOODS_1_006_TX_1,11,0,0,0,0,0,11,5,16,0,5,8,Healthy,19.14,21.1,3.339833106599548,2.3855950761425344,26.718664852796383,11,0.0,0.0,Healthy,No action needed; leave as is.,1.74,2.22,0.0,0.0,0.0
2016-04-24,FOODS_1_006_TX_2,5,0,0,0,0,0,5,6,22,22,5,11,Low Stock,8.7,7.3,4.33660412732945,3.0975743766638932,34.6928330186356,27,0.0,0.0,Healthy,No action needed; leave as is.,1.74,2.22,0.0,0.0,0.0
2016-04-24,FOODS_1_006_TX_3,15,2,2,0,0,0,13,8,28,0,5,14,Healthy,22.62,14.3,4.116619036191611,2.9404421687082936,32.932952289532885,13,0.0,0.0,Healthy,No action needed; leave as is.,1.74,2.22,0.0,0.0,0.0
2016-04-24,FOODS_1_006_WI_1,24,1,1,0,0,0,23,14,52,0,5,26,Healthy,40.02,13.6,10.369508463033691,7.40679175930978,82.95606770426953,23,0.0,0.0,Healthy,No action needed; leave as is.,1.74,2.22,0.0,0.0,0.0
2016-04-24,FOODS_1_006_WI_2,36,0,0,0,0,0,36,10,38,0,5,19,Overstock,62.64,29.4,8.447497861484528,6.0339270439175205,67.57998289187623,36,0.0,0.0,Healthy,No action needed; leave as is.,1.74,2.22,0.0,0.0,0.0
2016-04-24,FOODS_1_006_WI_3,7,0,0,0,0,0,7,10,36,36,5,18,Low Stock,12.18,6.0,6.583524530758675,4.702517521970482,52.6681962460694,43,0.0,0.0,Healthy,No action needed; leave as is.,1.74,2.22,0.0,0.0,0.0
2016-04-24,FOODS_1_008_CA_1,4,0,0,0,0,0,4,2,8,0,5,4,Healthy,9.92,17.2,2.5330984946592343,1.8093560676137388,20.264787957273874,4,0.0,0.0,Healthy,No action needed; leave as is.,2.48,3.38,0.0,0.0,0.0
2016-04-24,FOODS_1_008_CA_2,3,2,2,0,0,4,1,1,4,4,5,2,Low Stock,2.48,14.6,1.7372862179430966,1.240918727102212,13.898289743544773,5,0.0,0.0,Healthy,No action needed; leave as is.,2.48,3.36,0.0,0.0,0.0
2016-04-24,FOODS_1_008_CA_3,10,0,0,0,0,0,10,2,8,0,5,4,Overstock,24.8,44.0,1.985374307669829,1.4181245054784493,15.882994461358631,10,0.0,0.0,Healthy,No action needed; leave as is.,2.48,3.33,0.0,0.0,0.0
2016-04-24,FOODS_1_008_CA_4,8,1,1,0,0,0,7,3,10,0,5,5,Healthy,17.36,25.9,1.437282841993721,1.0266306014240865,11.498262735949767,7,0.0,0.0,Healthy,No action needed; leave as is.,2.48,3.35,0.0,0.0,0.0
2016-04-24,FOODS_1_008_TX_1,2,0,0,0,0,0,2,1,4,0,5,2,Healthy,4.96,24.7,0.7887584724457157,0.5633989088897969,6.310067779565726,2,0.0,0.0,Healthy,No action needed; leave as is.,2.48,3.35,0.0,0.0,0.0
2016-04-24,FOODS_1_008_TX_2,4,0,0,0,0,0,4,2,6,0,5,3,Healthy,9.92,29.5,1.7547488748264244,1.253392053447446,14.037990998611395,4,0.0,0.0,Healthy,No action needed; leave as is.,2.48,3.39,0.0,0.0,0.0
2016-04-24,FOODS_1_008_TX_3,4,0,0,0,0,0,4,1,4,0,5,2,Overstock,9.92,35.1,1.275645703648173,0.9111755026058379,10.205165629185384,4,0.0,0.0,Healthy,No action needed; leave as is.,2.48,3.32,0.0,0.0,0.0
2016-04-24,FOODS_1_008_WI_1,12,0,0,0,0,0,12,4,14,0,5,7,Overstock,29.76,26.6,3.337173154593162,2.3836951104236874,26.697385236745298,12,0.0,0.0,Healthy,No action needed; leave as is.,2.48,3.35,0.0,0.0,0.0
2016-04-24,FOODS_1_008_WI_2,3,1,1,0,0,8,2,2,8,8,5,4,Low Stock,4.96,8.1,2.9416212744271526,2.101158053162252,23.53297019541722,10,0.0,0.0,Healthy,No action needed; leave as is.,2.48,3.35,0.0,0.0,0.0
2016-04-24,FOODS_1_008_WI_3,3,0,0,0,0,0,3,2,8,0,5,4,Healthy,7.44,12.8,1.214809955123889,0.8677213965170635,9.718479640991111,3,0.0,0.0,Healthy,No action needed; leave as is.,2.48,3.35,0.0,0.0,0.0
2016-04-24,FOODS_1_009_CA_1,14,0,0,0,0,0,14,4,14,0,5,7,Overstock,26.32,30.2,3.034105347621075,2.167218105443625,24.2728427809686,14,0.0,0.0,Healthy,No action needed; leave as is.,1.88,2.4,0.0,0.0,0.0
2016-04-24,FOODS_1_009_CA_2,10,0,0,0,0,0,10,6,20,0,5,10,Healthy,18.8,15.1,2.6205883621299226,1.871848830092802,20.96470689703938,10,0.0,0.0,Healthy,No action needed; leave as is.,1.88,2.4,0.0,0.0,0.0
2016-04-24,FOODS_1_009_CA_3,19,0,0,0,0,0,19,8,28,0,5,14,Healthy,35.72,21.1,3.6748266690848213,2.624876192203444,29.39861335267857,19,0.0,0.0,Healthy,No action needed; leave as is.,1.88,2.32,0.0,0.0,0.0
2016-04-24,FOODS_1_009_CA_4,10,0,0,0,0,0,10,3,10,0,5,5,Overstock,18.8,34.5,1.8875477234066254,1.3482483738618753,15.100381787253003,10,0.0,0.0,Healthy,No action needed; leave as is.,1.88,2.4,0.0,0.0,0.0
2016-04-24,FOODS_1_009_TX_1,8,0,0,0,0,0,8,2,8,0,5,4,Overstock,15.04,36.8,1.0069171104228276,0.7192265074448769,8.05533688338262,8,0.0,0.0,Healthy,No action needed; leave as is.,1.88,2.38,0.0,0.0,0.0
2016-04-24,FOODS_1_009_TX_2,10,0,0,0,0,0,10,2,8,0,5,4,Overstock,18.8,41.7,0.3136695521597656,0.2240496801141183,2.509356417278125,10,0.0,0.7490643582721874,Markdown / Clear,Promote or discount to free up capital.,1.88,2.38,0.0,14.082409935517124,14.082409935517124
2016-04-24,FOODS_1_009_TX_3,8,0,0,0,0,0,8,2,6,0,5,3,Overstock,15.04,50.2,1.2930759854752578,0.9236257039108985,10.344607883802063,8,0.0,0.0,Healthy,No action needed; leave as is.,1.88,2.39,0.0,0.0,0.0
2016-04-24,FOODS_1_009_WI_1,15,0,0,0,0,0,15,3,12,0,5,6,Overstock,28.2,44.1,1.4555455365122683,1.0396753832230488,11.644364292098146,15,0.0,0.22370904719345694,Healthy,No action needed; leave as is.,1.88,2.39,0.0,6.308595130855485,6.308595130855485
2016-04-24,FOODS_1_009_WI_2,3,0,0,0,0,0,3,2,8,0,5,4,Healthy,5.64,12.8,1.7829084197388696,1.2735060140991925,14.263267357910957,3,0.0,0.0,Healthy,No action needed; leave as is.,1.88,2.42,0.0,0.0,0.0
2016-04-24,FOODS_1_009_WI_3,10,1,1,0,0,0,9,2,8,0,5,4,Overstock,16.92,40.3,0.7734827433785084,0.5524876738417918,6.187861947028067,9,0.0,0.3124597836635481,Healthy,No action needed; leave as is.,1.88,2.4,0.0,5.286819539587233,5.286819539587233
2016-04-24,FOODS_1_010_CA_1,6,0,0,0,0,0,6,2,6,0,5,3,Overstock,23.7,36.1,1.562305595713993,1.115932568367138,12.498444765711945,6,0.0,0.0,Healthy,No action needed; leave as is.,3.95,5.37,0.0,0.0,0.0
2016-04-24,FOODS_1_010_CA_2,6,0,0,0,0,0,6,3,8,0,5,4,Overstock,25.56,23.4,2.7837502898283426,1.9883930641631018,22.27000231862674,6,0.0,0.0,Healthy,No action needed; leave as is.,4.26,5.49,0.0,0.0,0.0
2016-04-24,FOODS_1_010_CA_3,10,2,2,0,0,0,8,3,10,0,5,5,Overstock,34.08,28.3,3.5416651491068007,2.529760820790572,28.333321192854406,8,0.0,0.0,Healthy,No action needed; leave as is.,4.26,5.56,0.0,0.0,0.0
2016-04-24,FOODS_1_010_CA_4,5,1,1,0,0,0,4,2,6,0,5,3,Healthy,17.04,21.5,0.0007096019156965125,0.0005068585112117946,0.0056768153255721,4,0.0,0.998580796168607,Markdown / Clear,Promote or discount to free up capital.,4.26,5.5,0.0,17.015816766713062,17.015816766713062
2016-04-24,FOODS_1_010_TX_1,4,0,0,0,0,0,4,2,8,0,5,4,Healthy,18.8,17.5,2.2365267166872953,1.5975190833480681,17.892213733498362,4,0.0,0.0,Healthy,No action needed; leave as is.,4.7,6.01,0.0,0.0,0.0
2016-04-24,FOODS_1_010_TX_2,11,1,1,0,0,0,10,3,12,0,5,6,Overstock,43.9,29.0,7.1282178588074,5.091584184862429,57.0257428704592,10,0.0,0.0,Healthy,No action needed; leave as is.,4.39,5.94,0.0,0.0,0.0
2016-04-24,FOODS_1_010_TX_3,8,0,0,0,0,0,8,6,22,0,5,11,Healthy,37.6,11.3,4.928773211025589,3.5205522935897062,39.43018568820471,8,0.0,0.0,Healthy,No action needed; leave as is.,4.7,5.95,0.0,0.0,0.0
2016-04-24,FOODS_1_010_WI_1,7,2,2,0,0,16,5,5,16,16,5,8,Low Stock,25.45,9.8,9.508492349069206,6.791780249335147,76.06793879255365,21,0.0,0.0,Healthy,No action needed; leave as is.,5.09,6.97,0.0,0.0,0.0
2016-04-24,FOODS_1_010_WI_2,10,0,0,0,0,0,10,3,10,0,5,5,Overstock,50.9,32.4,2.2099939695241204,1.5785671210886574,17.679951756192963,10,0.0,0.0,Healthy,No action needed; leave as is.,5.09,6.97,0.0,0.0,0.0
2016-04-24,FOODS_1_010_WI_3,3,3,3,0,0,6,0,2,6,6,5,3,Stockout,0.0,0.0,5.952794833411279,4.251996309579485,47.62235866729023,6,0.0,0.0,Healthy,No action needed; leave as is.,5.09,7.01,0.0,0.0,0.0
2016-04-24,FOODS_1_011_CA_1,2,1,1,0,0,0,1,5,20,20,5,10,Low Stock,1.88,1.6,9.319684239047984,6.656917313605703,74.55747391238387,21,0.0,0.0,Healthy,No action needed; leave as is.,1.88,2.52,0.0,0.0,0.0
2016-04-24,FOODS_1_011_CA_2,2,1,1,0,0,0,1,13,50,50,5,25,Low Stock,1.88,0.6,17.524580563231723,12.517557545165516,140.19664450585378,51,0.0,0.0,Healthy,No action needed; leave as is.,1.88,2.53,0.0,0.0,0.0
2016-04-24,FOODS_1_011_CA_3,23,2,2,0,0,0,21,7,26,0,5,13,Overstock,39.48,25.1,7.458480643549413,5.327486173963866,59.6678451483953,21,0.0,0.0,Healthy,No action needed; leave as is.,1.88,2.48,0.0,0.0,0.0
2016-04-24,FOODS_1_011_CA_4,7,1,1,0,0,0,6,3,10,0,5,5,Healthy,11.28,18.6,6.747599031546545,4.819713593961818,53.98079225237236,6,0.0,0.0,Healthy,No action needed; leave as is.,1.88,2.52,0.0,0.0,0.0
2016-04-24,FOODS_1_011_TX_1,7,2,2,0,0,0,5,4,16,0,5,8,Healthy,9.4,10.4,4.936087153536051,3.5257765382400366,39.48869722828841,5,0.0,0.0,Healthy,No action needed; leave as is.,1.88,2.52,0.0,0.0,0.0
2016-04-24,FOODS_1_011_TX_2,4,0,0,0,0,0,4,3,10,0,5,5,Healthy,7.52,12.2,3.4818985550026293,2.4870703964304495,27.855188440021035,4,0.0,0.0,Healthy,No action needed; leave as is.,1.88,2.52,0.0,0.0,0.0
2016-04-24,FOODS_1_011_TX_3,6,0,0,0,0,0,6,2,6,0,5,3,Overstock,11.28,33.8,1.5948782498163472,1.1391987498688194,12.759025998530777,6,0.0,0.0,Healthy,No action needed; leave as is.,1.88,2.52,0.0,0.0,0.0
2016-04-24,FOODS_1_011_WI_1,13,0,0,0,0,0,13,4,14,0,5,7,Overstock,24.44,29.2,6.586467617356924,4.704619726683517,52.69174093885539,13,0.0,0.0,Healthy,No action needed; leave as is.,1.88,2.53,0.0,0.0,0.0
2016-04-24,FOODS_1_011_WI_2,9,0,0,0,0,0,9,3,10,0,5,5,Overstock,16.92,28.6,5.042504794055055,3.6017891386107532,40.34003835244044,9,0.0,0.0,Healthy,No action needed; leave as is.,1.88,2.52,0.0,0.0,0.0
2016-04-24,FOODS_1_011_WI_3,4,0,0,0,0,0,4,2,6,0,5,3,Healthy,7.52,23.9,1.3001360969110412,0.9286686406507437,10.40108877528833,4,0.0,0.0,Healthy,No action needed; leave as is.,1.88,2.52,0.0,0.0,0.0
2016-04-24,HOBBIES_1_001_CA_1,0,1,1,0,10,0,9,3,10,0,5,5,Overstock,60.39,28.7,6.082935664972001,4.3449540464085725,48.66348531977601,9,0.0,0.0,Healthy,No action needed; leave as is.,6.71,8.29,0.0,0.0,0.0
2016-04-24,HOBBIES_1_001_CA_2,0,2,0,2,0,0,0,3,10,10,5,5,Stockout,0.0,0.0,4.456274625224349,3.183053303731678,35.650197001794794,10,0.0,0.0,Healthy,No action needed; leave as is.,5.87,8.27,0.0,0.0,0.0
2016-04-24,HOBBIES_1_001_CA_3,0,3,3,0,12,0,9,4,12,0,5,6,Overstock,52.83,22.7,5.993826515540953,4.281304653957824,47.95061212432763,9,0.0,0.0,Healthy,No action needed; leave as is.,5.87,8.27,0.0,0.0,0.0
2016-04-24,HOBBIES_1_001_CA_4,1,1,1,0,0,0,0,3,10,10,5,5,Stockout,0.0,0.0,5.697211861997766,4.069437044284118,45.57769489598213,10,0.0,0.0,Healthy,No action needed; leave as is.,6.71,8.29,0.0,0.0,0.0
2016-04-24,HOBBIES_1_001_TX_1,3,2,2,0,0,6,1,2,6,6,5,3,Low Stock,6.71,7.4,1.6613006512153652,1.1866433222966895,13.290405209722921,7,0.0,0.0,Healthy,No action needed; leave as is.,6.71,8.25,0.0,0.0,0.0
2016-04-24,HOBBIES_1_001_TX_2,3,0,0,0,0,0,3,2,8,0,5,4,Healthy,20.13,14.3,4.122936832509261,2.944954880363758,32.983494660074086,3,0.0,0.0,Healthy,No action needed; leave as is.,6.71,8.27,0.0,0.0,0.0
2016-04-24,HOBBIES_1_001_TX_3,4,0,0,0,0,0,4,2,8,0,5,4,Healthy,24.12,19.9,4.2594861866560745,3.0424901333257677,34.075889493248596,4,0.0,0.0,Healthy,No action needed; leave as is.,6.03,8.33,0.0,0.0,0.0
2016-04-24,HOBBIES_1_001_WI_1,0,1,0,1,0,0,0,1,4,4,5,2,Stockout,0.0,0.0,3.528094714957615,2.5200676535411537,28.22475771966092,4,0.0,0.0,Healthy,No action needed; leave as is.,6.71,8.33,0.0,0.0,0.0
2016-04-24,HOBBIES_1_001_WI_2,2,1,1,0,0,2,1,1,2,2,5,1,Low Stock,6.03,16.6,0.28750955647670523,0.20536396891193232,2.300076451813642,3,0.0,0.0,Healthy,No action needed; leave as is.,6.03,8.43,0.0,0.0,0.0
2016-04-24,HOBBIES_1_001_WI_3,4,0,0,0,0,0,4,1,4,0,5,2,Overstock,23.48,35.1,1.8828598032252435,1.3448998594466026,15.062878425801948,4,0.0,0.0,Healthy,No action needed; leave as is.,5.87,8.27,0.0,0.0,0.0
2016-04-24,HOBBIES_1_002_CA_1,7,0,0,0,0,0,7,3,8,0,5,4,Overstock,19.46,27.2,2.4757278353418846,1.7683770252442033,19.805822682735077,7,0.0,0.0,Healthy,No action needed; leave as is.,2.78,3.97,0.0,0.0,0.0
2016-04-24,HOBBIES_1_002_CA_2,3,0,0,0,0,0,3,2,6,0,5,3,Healthy,8.34,17.5,0.914667547974032,0.6533339628385944,7.317340383792256,3,0.0,0.0,Healthy,No action needed; leave as is.,2.78,3.97,0.0,0.0,0.0
2016-04-24,HOBBIES_1_002_CA_3,5,0,0,0,0,0,5,2,8,0,5,4,Healthy,13.9,21.2,1.1504443023696418,0.8217459302640299,9.203554418957134,5,0.0,0.0,Healthy,No action needed; leave as is.,2.78,3.95,0.0,0.0,0.0
2016-04-24,HOBBIES_1_002_CA_4,5,1,1,0,0,0,4,2,6,0,5,3,Healthy,11.12,23.7,1.4148392401306558,1.0105994572361827,11.318713921045246,4,0.0,0.0,Healthy,No action needed; leave as is.,2.78,3.97,0.0,0.0,0.0
2016-04-24,HOBBIES_1_002_TX_1,3,1,1,0,0,0,2,1,4,0,5,2,Healthy,5.56,17.4,0.4157784720076233,0.2969846228625881,3.3262277760609864,2,0.0,0.0,Healthy,No action needed; leave as is.,2.78,3.97,0.0,0.0,0.0
2016-04-24,HOBBIES_1_002_TX_2,3,1,1,0,0,6,2,2,6,6,5,3,Low Stock,5.56,12.8,0.9269949129677848,0.6621392235484177,7.415959303742278,8,0.0,0.0,Healthy,No action needed; leave as is.,2.78,3.97,0.0,0.0,0.0
2016-04-24,HOBBIES_1_002_TX_3,5,1,1,0,0,0,4,2,6,0,5,3,Healthy,11.12,21.4,0.5084747169493763,0.36319622639241167,4.06779773559501,4,0.0,0.0,Healthy,No action needed; leave as is.,2.78,3.97,0.0,0.0,0.0
2016-04-24,HOBBIES_1_002_WI_1,4,2,2,0,0,0,2,5,18,18,5,9,Low Stock,5.56,3.3,6.175987733403176,4.411419809573697,49.407901867225405,20,0.0,0.0,Healthy,No action needed; leave as is.,2.78,3.97,0.0,0.0,0.0
2016-04-24,HOBBIES_1_002_WI_2,11,0,0,0,0,0,11,4,14,0,5,7,Overstock,30.58,27.0,4.995670491754186,3.5683360655387046,39.96536393403349,11,0.0,0.0,Healthy,No action needed; leave as is.,2.78,3.97,0.0,0.0,0.0
2016-04-24,HOBBIES_1_002_WI_3,5,0,0,0,0,0,5,3,12,0,5,6,Healthy,13.9,14.4,2.8376904962122502,2.02692178300875,22.701523969698002,5,0.0,0.0,Healthy,No action needed; leave as is.,2.78,3.97,0.0,0.0,0.0
2016-04-24,HOBBIES_1_003_CA_1,2,1,1,0,0,0,1,2,6,6,5,3,Low Stock,2.08,6.6,1.9698893074797537,1.407063791056967,15.75911445983803,7,0.0,0.0,Healthy,No action needed; leave as is.,2.08,2.97,0.0,0.0,0.0
2016-04-24,HOBBIES_1_003_CA_2,1,0,0,0,0,0,1,1,4,4,5,2,Low Stock,2.08,13.2,4.94552278809739,3.5325162772124217,39.56418230477912,5,0.0,0.0,Healthy,No action needed; leave as is.,2.08,2.97,0.0,0.0,0.0
2016-04-24,HOBBIES_1_003_CA_3,1,1,1,0,0,0,0,1,4,4,5,2,Stockout,0.0,0.0,2.2729070003760716,1.6235050002686227,18.183256003008573,4,0.0,0.0,Healthy,No action needed; leave as is.,2.08,2.97,0.0,0.0,0.0
2016-04-24,HOBBIES_1_003_CA_4,3,0,0,0,0,0,3,1,4,0,5,2,Overstock,6.24,35.6,1.3898822398713102,0.9927730284795073,11.119057918970482,3,0.0,0.0,Healthy,No action needed; leave as is.,2.08,2.97,0.0,0.0,0.0
2016-04-24,HOBBIES_1_003_TX_1,2,0,0,0,0,0,2,1,2,0,5,1,Overstock,4.16,38.6,1.248433574120006,0.8917382672285759,9.987468592960049,2,0.0,0.0,Healthy,No action needed; leave as is.,2.08,2.97,0.0,0.0,0.0
2016-04-24,HOBBIES_1_003_TX_2,2,0,0,0,0,0,2,1,2,0,5,1,Overstock,4.16,37.9,0.9623540468427947,0.6873957477448533,7.6988323747423575,2,0.0,0.0,Healthy,No action needed; leave as is.,2.08,2.97,0.0,0.0,0.0
2016-04-24,HOBBIES_1_003_TX_3,3,0,0,0,0,0,3,1,4,0,5,2,Overstock,6.24,32.2,1.3909141791942017,0.9935101279958584,11.127313433553613,3,0.0,0.0,Healthy,No action needed; leave as is.,2.08,2.95,0.0,0.0,0.0
2016-04-24,HOBBIES_1_003_WI_1,0,1,1,0,4,0,3,1,4,0,5,2,Overstock,6.24,32.6,1.619028466738632,1.1564489048133086,12.952227733909057,3,0.0,0.0,Healthy,No action needed; leave as is.,2.08,2.97,0.0,0.0,0.0
2016-04-24,HOBBIES_1_003_WI_2,2,0,0,0,0,0,2,1,2,0,5,1,Overstock,8.36,35.8,0.8133965303699695,0.5809975216928354,6.507172242959756,2,0.0,0.0,Healthy,No action needed; leave as is.,4.18,2.99,0.0,0.0,0.0
2016-04-24,HOBBIES_1_003_WI_3,2,1,1,0,0,2,1,1,2,2,5,1,Low Stock,2.08,44.5,0.6839265055213659,0.48851893251526135,5.471412044170927,3,0.0,0.0,Healthy,No action needed; leave as is.,2.08,2.92,0.0,0.0,0.0
2016-04-24,HOBBIES_1_004_CA_1,35,2,2,0,0,0,33,14,52,0,5,26,Healthy,107.25,19.2,14.444660447274378,10.317614605195985,115.55728357819503,33,0.0,0.0,Healthy,No action needed; leave as is.,3.25,4.53,0.0,0.0,0.0
2016-04-24,HOBBIES_1_004_CA_2,109,1,1,0,0,0,108,32,118,0,5,59,Overstock,351.0,27.5,23.35954799201067,16.685391422864765,186.87638393608535,108,0.0,0.0,Healthy,No action needed; leave as is.,3.25,4.53,0.0,0.0,0.0
2016-04-24,HOBBIES_1_004_CA_3,148,3,3,0,0,0,145,44,164,0,5,82,Overstock,471.25,26.6,44.71864859917876,31.94189185655626,357.7491887934301,145,0.0,0.0,Healthy,No action needed; leave as is.,3.25,4.53,0.0,0.0,0.0
2016-04-24,HOBBIES_1_004_CA_4,16,0,0,0,0,0,16,7,26,0,5,13,Healthy,52.0,19.3,4.209964754320127,3.0071176816572334,33.67971803456101,16,0.0,0.0,Healthy,No action needed; leave as is.,3.25,4.53,0.0,0.0,0.0
2016-04-24,HOBBIES_1_004_TX_1,55,2,2,0,0,0,53,13,48,0,5,24,Overstock,172.25,34.4,1.6779748682871907,1.1985534773479933,13.423798946297525,53,0.0,0.7467207745981599,Markdown / Clear,Promote or discount to free up capital.,3.25,4.53,0.0,128.62265342453304,128.62265342453304
2016-04-24,HOBBIES_1_004_TX_2,23,3,3,0,0,0,20,15,56,0,5,28,Healthy,65.0,10.7,7.3040172029871275,5.217155144990805,58.43213762389702,20,0.0,0.0,Healthy,No action needed; leave as is.,3.25,4.53,0.0,0.0,0.0
2016-04-24,HOBBIES_1_004_TX_3,26,2,2,0,0,0,24,14,50,0,5,25,Healthy,78.0,14.5,6.294742165096839,4.496244403640599,50.35793732077471,24,0.0,0.0,Healthy,No action needed; leave as is.,3.25,4.32,0.0,0.0,0.0
2016-04-24,HOBBIES_1_004_WI_1,1,0,0,0,16,0,17,4,16,0,5,8,Overstock,55.25,35.9,2.695232907359281,1.9251663623994864,21.561863258874247,17,0.0,0.0,Healthy,No action needed; leave as is.,3.25,4.53,0.0,0.0,0.0
2016-04-24,HOBBIES_1_004_WI_2,4,0,0,0,0,0,4,3,10,0,5,5,Healthy,13.0,13.4,4.104997103875062,2.9321407884821875,32.8399768310005,4,0.0,0.0,Healthy,No action needed; leave as is.,3.25,4.5,0.0,0.0,0.0
2016-04-24,HOBBIES_1_004_WI_3,46,2,2,0,0,0,44,22,82,0,5,41,Healthy,143.0,16.2,17.59410923074263,12.56722087910188,140.75287384594105,44,0.0,0.0,Healthy,No action needed; leave as is.,3.25,4.53,0.0,0.0,0.0
2016-04-24,HOBBIES_1_005_CA_1,5,4,4,0,0,0,1,8,30,30,5,15,Low Stock,2.16,1.0,7.645585845433127,5.461132746737948,61.16468676346501,31,0.0,0.0,Healthy,No action needed; leave as is.,2.16,2.94,0.0,0.0,0.0
2016-04-24,HOBBIES_1_005_CA_2,37,2,2,0,0,0,35,9,32,0,5,16,Overstock,75.6,32.8,11.03691045107788,7.8835074650556285,88.29528360862304,35,0.0,0.0,Healthy,No action needed; leave as is.,2.16,2.94,0.0,0.0,0.0
2016-04-24,HOBBIES_1_005_CA_3,40,1,1,0,0,0,39,12,42,0,5,21,Overstock,84.24,28.0,11.743220917525242,8.388014941089459,93.94576734020194,39,0.0,0.0,Healthy,No action needed; leave as is.,2.16,2.94,0.0,0.0,0.0
2016-04-24,HOBBIES_1_005_CA_4,11,2,2,0,0,0,9,4,16,0,5,8,Healthy,18.81,18.5,14.398083041876877,10.284345029912055,115.18466433501501,9,0.12488350266123248,0.0,Healthy,No action needed; leave as is.,2.09,2.92,3.750287487343201,0.0,3.750287487343201
2016-04-24,HOBBIES_1_005_TX_1,0,2,0,2,0,0,0,5,18,18,5,9,Stockout,0.0,0.0,5.629386629779658,4.020990449842613,45.035093038237264,18,0.0,0.0,Healthy,No action needed; leave as is.,1.91,2.7,0.0,0.0,0.0
2016-04-24,HOBBIES_1_005_TX_2,9,0,0,0,0,0,9,9,32,32,5,16,Low Stock,17.19,8.5,3.041053181080785,2.172180843629132,24.32842544864628,41,0.0,0.0,Healthy,No action needed; leave as is.,1.91,2.71,0.0,0.0,0.0
2016-04-24,HOBBIES_1_005_TX_3,19,1,1,0,0,0,18,5,16,0,5,8,Overstock,37.62,34.4,4.143240251196532,2.959457322283237,33.14592200957225,18,0.0,0.0,Healthy,No action needed; leave as is.,2.09,2.84,0.0,0.0,0.0
2016-04-24,HOBBIES_1_005_WI_1,6,1,1,0,0,0,5,6,22,22,5,11,Low Stock,10.8,7.2,5.8950873012729375,4.210776643766384,47.1606984101835,27,0.0,0.0,Healthy,No action needed; leave as is.,2.16,2.94,0.0,0.0,0.0
2016-04-24,HOBBIES_1_005_WI_2,9,1,1,0,0,0,8,3,10,0,5,5,Overstock,17.28,25.7,4.010409678975946,2.8645783421256756,32.083277431807566,8,0.0,0.0,Healthy,No action needed; leave as is.,2.16,2.93,0.0,0.0,0.0
2016-04-24,HOBBIES_1_005_WI_3,9,0,0,0,0,0,9,5,18,0,5,9,Healthy,19.44,16.0,3.827763228648573,2.734116591891838,30.622105829188584,9,0.0,0.0,Healthy,No action needed; leave as is.,2.16,2.94,0.0,0.0,0.0
2016-04-24,HOBBIES_1_006_CA_1,11,0,0,0,0,0,11,7,26,0,5,13,Healthy,7.7,12.8,6.91890266788511,4.94207333420365,55.35122134308088,11,0.0,0.0,Healthy,No action needed; leave as is.,0.7,0.99,0.0,0.0,0.0
2016-04-24,HOBBIES_1_006_CA_2,7,0,0,0,0,0,7,6,22,0,5,11,Healthy,4.9,10.3,4.806999556898706,3.4335711120705046,38.45599645518965,7,0.0,0.0,Healthy,No action needed; leave as is.,0.7,0.99,0.0,0.0,0.0
2016-04-24,HOBBIES_1_006_CA_3,47,6,6,0,0,0,41,12,44,0,5,22,Overstock,28.7,29.0,7.599644764199611,5.428317688714007,60.797158113596886,41,0.0,0.0,Healthy,No action needed; leave as is.,0.7,0.99,0.0,0.0,0.0
2016-04-24,HOBBIES_1_006_CA_4,0,2,2,0,2,2,0,1,2,2,5,1,Stockout,0.0,0.0,0.0,0.0,0.0,2,0.0,0.0,Healthy,No action needed; leave as is.,0.7,1.0,0.0,0.0,0.0
2016-04-24,HOBBIES_1_006_TX_1,8,1,1,0,0,0,7,3,10,0,5,5,Healthy,4.9,22.9,2.9983625213607983,2.141687515257713,23.986900170886386,7,0.0,0.0,Healthy,No action needed; leave as is.,0.7,0.99,0.0,0.0,0.0
2016-04-24,HOBBIES_1_006_TX_2,7,2,2,0,0,0,5,4,16,0,5,8,Healthy,3.5,10.4,1.9521028276738104,1.3943591626241503,15.616822621390483,5,0.0,0.0,Healthy,No action needed; leave as is.,0.7,0.99,0.0,0.0,0.0
2016-04-24,HOBBIES_1_006_TX_3,6,1,1,0,0,0,5,3,10,0,5,5,Healthy,3.85,15.8,1.5951711871659644,1.1394079908328318,12.761369497327715,5,0.0,0.0,Healthy,No action needed; leave as is.,0.77,1.03,0.0,0.0,0.0
2016-04-24,HOBBIES_1_006_WI_1,23,2,2,0,0,0,21,15,56,0,5,28,Healthy,14.7,11.4,16.559530140879303,11.82823581491379,132.47624112703443,21,0.0,0.0,Healthy,No action needed; leave as is.,0.7,0.99,0.0,0.0,0.0
2016-04-24,HOBBIES_1_006_WI_2,5,0,0,0,0,0,5,4,14,0,5,7,Healthy,3.9,11.4,7.292530380045416,5.208950271461012,58.340243040363326,5,0.04011370056762033,0.0,Healthy,No action needed; leave as is.,0.78,1.06,0.22148728774867235,0.0,0.22148728774867235
2016-04-24,HOBBIES_1_006_WI_3,15,2,2,0,0,0,13,4,16,0,5,8,Overstock,9.1,26.7,5.23690200102345,3.7406442864453218,41.8952160081876,13,0.0,0.0,Healthy,No action needed; leave as is.,0.7,0.99,0.0,0.0,0.0
2016-04-24,HOBBIES_1_007_CA_1,6,1,1,0,0,0,5,2,8,0,5,4,Healthy,27.8,22.6,2.0231972431642835,1.4451408879744883,16.185577945314268,5,0.0,0.0,Healthy,No action needed; leave as is.,5.56,7.89,0.0,0.0,0.0
2016-04-24,HOBBIES_1_007_CA_2,0,0,0,0,0,0,0,2,4,4,5,2,Stockout,0.0,0.0,1.4485375112960686,1.0346696509257634,11.588300090368548,4,0.0,0.0,Healthy,No action needed; leave as is.,5.56,7.89,0.0,0.0,0.0
2016-04-24,HOBBIES_1_007_CA_3,3,0,0,0,0,0,3,2,6,0,5,3,Healthy,16.68,19.9,1.8428301589870852,1.3163072564193465,14.742641271896682,3,0.0,0.0,Healthy,No action needed; leave as is.,5.56,7.87,0.0,0.0,0.0
2016-04-24,HOBBIES_1_007_CA_4,5,0,0,0,0,0,5,2,6,0,5,3,Overstock,27.8,27.2,2.4750859968320555,1.767918569165754,19.800687974656444,5,0.0,0.0,Healthy,No action needed; leave as is.,5.56,7.89,0.0,0.0,0.0
2016-04-24,HOBBIES_1_007_TX_1,3,0,0,0,0,0,3,1,4,0,5,2,Overstock,16.68,29.6,1.3819477072225208,0.9871055051589435,11.055581657780166,3,0.0,0.0,Healthy,No action needed; leave as is.,5.56,7.85,0.0,0.0,0.0
2016-04-24,HOBBIES_1_007_TX_2,3,0,0,0,0,0,3,2,6,0,5,3,Healthy,16.68,21.3,1.0459978758285118,0.7471413398775084,8.367983006628094,3,0.0,0.0,Healthy,No action needed; leave as is.,5.56,7.89,0.0,0.0,0.0
2016-04-24,HOBBIES_1_007_TX_3,2,1,1,0,0,4,1,1,4,4,5,2,Low Stock,5.56,9.3,1.0906253730479796,0.7790181236056997,8.725002984383837,5,0.0,0.0,Healthy,No action needed; leave as is.,5.56,7.89,0.0,0.0,0.0
2016-04-24,HOBBIES_1_007_WI_1,8,0,0,0,0,0,8,3,10,0,5,5,Overstock,44.48,27.0,4.1412906894701225,2.9580647781929446,33.13032551576098,8,0.0,0.0,Healthy,No action needed; leave as is.,5.56,7.9,0.0,0.0,0.0
2016-04-24,HOBBIES_1_007_WI_2,1,1,1,0,0,0,0,1,4,4,5,2,Stockout,0.0,0.0,1.7835390096506534,1.2739564354647523,14.268312077205227,4,0.0,0.0,Healthy,No action needed; leave as is.,5.52,7.88,0.0,0.0,0.0
2016-04-24,HOBBIES_1_007_WI_3,4,0,0,0,0,0,4,2,6,0,5,3,Healthy,22.24,29.9,1.3199813617593528,0.9428438298281091,10.559850894074822,4,0.0,0.0,Healthy,No action needed; leave as is.,5.56,7.88,0.0,0.0,0.0
2016-04-24,HOBBIES_1_008_CA_1,242,1,1,0,0,0,241,58,218,0,5,109,Overstock,84.35,33.3,86.6997114504027,61.928365321716214,693.5976916032216,241,0.0,0.0,Healthy,No action needed; leave as is.,0.35,0.48,0.0,0.0,0.0
2016-04-24,HOBBIES_1_008_CA_2,31,7,7,0,0,0,24,34,124,124,5,62,Low Stock,8.4,5.8,30.989225660604507,22.135161186146078,247.91380528483606,148,0.0,0.0,Healthy,No action needed; leave as is.,0.35,0.48,0.0,0.0,0.0
2016-04-24,HOBBIES_1_008_CA_3,252,8,8,0,0,0,244,70,262,0,5,131,Overstock,85.4,28.0,70.80079950125328,50.57199964375234,566.4063960100262,244,0.0,0.0,Healthy,No action needed; leave as is.,0.35,0.47,0.0,0.0,0.0
2016-04-24,HOBBIES_1_008_CA_4,54,4,4,0,0,0,50,39,144,0,5,72,Healthy,17.5,10.5,30.732377016466568,21.95169786890469,245.85901613173255,50,0.0,0.0,Healthy,No action needed; leave as is.,0.35,0.48,0.0,0.0,0.0
2016-04-24,HOBBIES_1_008_TX_1,86,1,1,0,0,0,85,24,90,0,5,45,Overstock,29.75,28.7,1.6172713849671458,1.1551938464051041,12.938171079737167,85,0.0,0.8477862225913274,Markdown / Clear,Promote or discount to free up capital.,0.35,0.48,0.0,25.221640122091987,25.221640122091987
2016-04-24,HOBBIES_1_008_TX_2,123,2,2,0,0,0,121,42,158,0,5,79,Overstock,42.35,23.1,26.66868575015407,19.04906125011005,213.34948600123255,121,0.0,0.0,Healthy,No action needed; leave as is.,0.35,0.48,0.0,0.0,0.0
2016-04-24,HOBBIES_1_008_TX_3,33,1,1,0,0,0,32,21,78,0,5,39,Healthy,11.2,12.4,21.216669842890685,15.154764173493346,169.73335874312548,32,0.0,0.0,Healthy,No action needed; leave as is.,0.35,0.48,0.0,0.0,0.0
2016-04-24,HOBBIES_1_008_WI_1,62,8,8,0,0,0,54,38,142,0,5,71,Healthy,18.9,11.4,19.148168121289203,13.677262943778002,153.18534497031362,54,0.0,0.0,Healthy,No action needed; leave as is.,0.35,0.48,0.0,0.0,0.0
2016-04-24,HOBBIES_1_008_WI_2,19,0,0,0,0,0,19,24,90,90,5,45,Low Stock,6.65,6.4,16.206090810585728,11.575779150418377,129.64872648468582,109,0.0,0.0,Healthy,No action needed; leave as is.,0.35,0.48,0.0,0.0,0.0
2016-04-24,HOBBIES_1_008_WI_3,11,3,3,0,76,0,84,20,76,0,5,38,Overstock,29.4,34.0,16.4100999305971,11.7214999504265,131.2807994447768,84,0.0,0.0,Healthy,No action needed; leave as is.,0.35,0.48,0.0,0.0,0.0
2016-04-24,HOBBIES_1_009_CA_1,20,0,0,0,0,0,20,10,36,0,5,18,Healthy,24.8,16.9,0.2924835231585438,0.20891680225610273,2.3398681852683505,20,0.0,0.8830065907365825,Markdown / Clear,Promote or discount to free up capital.,1.24,1.76,0.0,21.898563450267243,21.898563450267243
2016-04-24,HOBBIES_1_009_CA_2,22,0,0,0,0,0,22,6,22,0,5,11,Overstock,27.28,31.1,5.535917265916996,3.9542266185121404,44.28733812733597,22,0.0,0.0,Healthy,No action needed; leave as is.,1.24,1.76,0.0,0.0,0.0
2016-04-24,HOBBIES_1_009_CA_3,40,5,5,0,0,0,35,10,34,0,5,17,Overstock,43.4,31.0,8.165893169514161,5.8327808353672586,65.32714535611329,35,0.0,0.0,Healthy,No action needed; leave as is.,1.24,1.76,0.0,0.0,0.0
2016-04-24,HOBBIES_1_009_CA_4,25,1,1,0,0,0,24,11,40,0,5,20,Healthy,29.76,18.6,17.716836210200853,12.654883007286324,141.73468968160682,24,0.0,0.0,Healthy,No action needed; leave as is.,1.24,1.77,0.0,0.0,0.0
2016-04-24,HOBBIES_1_009_TX_1,7,1,1,0,0,20,6,6,20,20,5,10,Low Stock,6.84,9.4,4.462601303950247,3.187572359964462,35.70081043160197,26,0.0,0.0,Healthy,No action needed; leave as is.,1.14,1.63,0.0,0.0,0.0
2016-04-24,HOBBIES_1_009_TX_2,7,2,2,0,0,0,5,8,28,28,5,14,Low Stock,5.7,5.7,4.1031318424656185,2.9308084589040133,32.82505473972495,33,0.0,0.0,Healthy,No action needed; leave as is.,1.14,1.63,0.0,0.0,0.0
2016-04-24,HOBBIES_1_009_TX_3,7,0,0,0,0,0,7,5,18,0,5,9,Healthy,8.68,13.0,3.1405188459959117,2.243227747139937,25.124150767967294,7,0.0,0.0,Healthy,No action needed; leave as is.,1.24,1.71,0.0,0.0,0.0
2016-04-24,HOBBIES_1_009_WI_1,23,2,2,0,0,0,21,7,26,0,5,13,Overstock,26.04,25.4,5.410595604643767,3.8647111461741193,43.284764837150135,21,0.0,0.0,Healthy,No action needed; leave as is.,1.24,1.75,0.0,0.0,0.0
2016-04-24,HOBBIES_1_009_WI_2,5,0,0,0,0,0,5,3,10,0,5,5,Healthy,6.2,18.7,1.3979862518653332,0.998561608475238,11.183890014922666,5,0.0,0.0,Healthy,No action needed; leave as is.,1.24,1.74,0.0,0.0,0.0
2016-04-24,HOBBIES_1_009_WI_3,12,0,0,0,0,0,12,6,22,0,5,11,Healthy,14.88,16.7,1.931751087164499,1.3798222051174993,15.454008697315992,12,0.0,0.0,Healthy,No action needed; leave as is.,1.24,1.72,0.0,0.0,0.0
2016-04-24,HOBBIES_1_010_CA_1,18,2,2,0,0,0,16,6,22,0,5,11,Healthy,35.52,22.2,4.763873253739418,3.4027666098138702,38.110986029915345,16,0.0,0.0,Healthy,No action needed; leave as is.,2.22,2.98,0.0,0.0,0.0
2016-04-24,HOBBIES_1_010_CA_2,4,1,1,0,0,0,3,4,16,16,5,8,Low Stock,6.66,6.1,0.11605549617699741,0.08289678298356958,0.9284439694159793,19,0.0,0.6905186768613403,Markdown / Clear,Promote or discount to free up capital.,2.22,2.97,0.0,4.598854387896527,4.598854387896527
2016-04-24,HOBBIES_1_010_CA_3,12,1,1,0,0,0,11,7,24,0,5,12,Healthy,24.42,14.0,5.141283615842475,3.6723454398874824,41.1302689267398,11,0.0,0.0,Healthy,No action needed; leave as is.,2.22,2.97,0.0,0.0,0.0
2016-04-24,HOBBIES_1_010_CA_4,6,1,1,0,0,0,5,3,8,0,5,4,Healthy,11.1,19.7,1.1734460087207035,0.8381757205147882,9.387568069765628,5,0.0,0.0,Healthy,No action needed; leave as is.,2.22,2.97,0.0,0.0,0.0
2016-04-24,HOBBIES_1_010_TX_1,6,1,1,0,0,16,5,5,16,16,5,8,Low Stock,11.1,9.7,3.6632515816760236,2.616608272625731,29.30601265340819,21,0.0,0.0,Healthy,No action needed; leave as is.,2.22,2.97,0.0,0.0,0.0
2016-04-24,HOBBIES_1_010_TX_2,22,1,1,0,0,0,21,9,32,0,5,16,Healthy,46.62,19.9,4.872108787443089,3.4800777053164924,38.976870299544714,21,0.0,0.0,Healthy,No action needed; leave as is.,2.22,2.97,0.0,0.0,0.0
2016-04-24,HOBBIES_1_010_TX_3,10,0,0,0,0,0,10,4,16,0,5,8,Healthy,22.2,20.9,4.209181888897974,3.0065584920699813,33.67345511118379,10,0.0,0.0,Healthy,No action needed; leave as is.,2.22,2.97,0.0,0.0,0.0
2016-04-24,HOBBIES_1_010_WI_1,18,2,2,0,0,0,16,5,20,0,5,10,Overstock,35.52,26.4,3.7301729209174117,2.6644092292267225,29.841383367339294,16,0.0,0.0,Healthy,No action needed; leave as is.,2.22,2.97,0.0,0.0,0.0
2016-04-24,HOBBIES_1_010_WI_2,11,2,2,0,0,0,9,4,14,0,5,7,Healthy,19.98,21.1,2.2704297578592585,1.6217355413280419,18.163438062874068,9,0.0,0.0,Healthy,No action needed; leave as is.,2.22,2.97,0.0,0.0,0.0
2016-04-24,HOBBIES_1_010_WI_3,6,0,0,0,0,0,6,7,24,24,5,12,Low Stock,13.32,7.7,2.33699076801354,1.6692791200096715,18.69592614410832,30,0.0,0.0,Healthy,No action needed; leave as is.,2.22,2.97,0.0,0.0,0.0
2016-04-24,HOUSEHOLD_1_001_CA_1,14,1,1,0,0,0,13,3,12,0,5,6,Overstock,63.44,37.5,5.175008505844439,3.6964346470317424,41.400068046755514,13,0.0,0.0,Healthy,No action needed; leave as is.,4.88,6.1,0.0,0.0,0.0
2016-04-24,HOUSEHOLD_1_001_CA_2,3,2,2,0,0,8,1,2,8,8,5,4,Low Stock,4.88,4.3,4.640178870275053,3.3144134787678947,37.12143096220042,9,0.0,0.0,Healthy,No action needed; leave as is.,4.88,6.1,0.0,0.0,0.0
2016-04-24,HOUSEHOLD_1_001_CA_3,18,1,1,0,0,0,17,5,18,0,5,9,Overstock,82.96,29.7,0.5610480952916652,0.4007486394940466,4.488384762333322,17,0.0,0.7359773669215693,Markdown / Clear,Promote or discount to free up capital.,4.88,5.79,0.0,61.05668235981339,61.05668235981339
2016-04-24,HOUSEHOLD_1_001_CA_4,2,0,0,0,0,0,2,2,8,8,5,4,Low Stock,9.76,9.2,3.3541924317158527,2.395851736939895,26.83353945372682,10,0.0,0.0,Healthy,No action needed; leave as is.,4.88,6.11,0.0,0.0,0.0
2016-04-24,HOUSEHOLD_1_001_TX_1,8,0,0,0,0,0,8,2,8,0,5,4,Overstock,39.04,39.0,2.4074599236237293,1.7196142311598066,19.259679388989834,8,0.0,0.0,Healthy,No action needed; leave as is.,4.88,6.11,0.0,0.0,0.0
2016-04-24,HOUSEHOLD_1_001_TX_2,10,0,0,0,0,0,10,3,8,0,5,4,Overstock,48.8,38.4,1.4882225932157371,1.0630161380112408,11.905780745725897,10,0.0,0.0,Healthy,No action needed; leave as is.,4.88,6.09,0.0,0.0,0.0
2016-04-24,HOUSEHOLD_1_001_TX_3,2,0,0,0,0,0,2,1,4,0,5,2,Healthy,10.02,24.2,0.9715358398355196,0.6939541713110855,7.772286718684157,2,0.0,0.0,Healthy,No action needed; leave as is.,5.01,6.11,0.0,0.0,0.0
2016-04-24,HOUSEHOLD_1_001_WI_1,12,0,0,0,0,0,12,6,20,0,5,10,Healthy,58.56,18.4,11.197629767732607,7.998306976951863,89.58103814186086,12,0.0,0.0,Healthy,No action needed; leave as is.,4.88,6.11,0.0,0.0,0.0
2016-04-24,HOUSEHOLD_1_001_WI_2,3,0,0,0,0,0,3,3,10,10,5,5,Low Stock,15.36,9.7,1.4406337956488497,1.0290241397491784,11.525070365190798,13,0.0,0.0,Healthy,No action needed; leave as is.,5.12,6.13,0.0,0.0,0.0
2016-04-24,HOUSEHOLD_1_001_WI_3,3,0,0,0,0,0,3,1,4,0,5,2,Overstock,14.64,24.5,2.811394378865194,2.008138842046567,22.49115503092155,3,0.0,0.0,Healthy,No action needed; leave as is.,4.88,6.1,0.0,0.0,0.0
2016-04-24,HOUSEHOLD_1_002_CA_1,12,1,1,0,0,0,11,3,10,0,5,5,Overstock,53.68,40.0,0.7837808833880766,0.5598434881343405,6.270247067104613,11,0.0,0.4299775393541261,Healthy,No action needed; leave as is.,4.88,6.11,0.0,23.08119431252949,23.08119431252949
2016-04-24,HOUSEHOLD_1_002_CA_2,11,4,4,0,0,26,7,7,26,26,5,13,Low Stock,34.16,8.5,5.120667053789725,3.657619324135518,40.9653364303178,33,0.0,0.0,Healthy,No action needed; leave as is.,4.88,6.11,0.0,0.0,0.0
2016-04-24,HOUSEHOLD_1_002_CA_3,19,1,1,0,0,0,18,5,18,0,5,9,Overstock,75.24,30.8,5.863121685133856,4.1879440608098975,46.90497348107085,18,0.0,0.0,Healthy,No action needed; leave as is.,4.18,5.72,0.0,0.0,0.0
2016-04-24,HOUSEHOLD_1_002_CA_4,6,0,0,0,0,0,6,4,14,0,5,7,Healthy,29.28,13.0,7.040022914679548,5.028587796199677,56.32018331743638,6,0.0,0.0,Healthy,No action needed; leave as is.,4.88,6.11,0.0,0.0,0.0
2016-04-24,HOUSEHOLD_1_002_TX_1,8,0,0,0,0,0,8,3,8,0,5,4,Overstock,39.04,30.2,2.6371024437397446,1.8836446026712461,21.096819549917956,8,0.0,0.0,Healthy,No action needed; leave as is.,4.88,6.11,0.0,0.0,0.0
2016-04-24,HOUSEHOLD_1_002_TX_2,7,0,0,0,0,0,7,3,10,0,5,5,Healthy,34.16,22.4,4.697993142006938,3.355709387147813,37.583945136055505,7,0.0,0.0,Healthy,No action needed; leave as is.,4.88,6.1,0.0,0.0,0.0
2016-04-24,HOUSEHOLD_1_002_TX_3,6,0,0,0,0,0,6,2,6,0,5,3,Overstock,30.06,38.8,1.354366188177703,0.9674044201269307,10.834929505421623,6,0.0,0.0,Healthy,No action needed; leave as is.,5.01,6.04,0.0,0.0,0.0
2016-04-24,HOUSEHOLD_1_002_WI_1,26,1,1,0,0,0,25,9,34,0,5,17,Healthy,122.0,22.3,10.877286483161742,7.76949034511553,87.01829186529393,25,0.0,0.0,Healthy,No action needed; leave as is.,4.88,6.1,0.0,0.0,0.0
2016-04-24,HOUSEHOLD_1_002_WI_2,5,2,2,0,0,12,3,3,12,12,5,6,Low Stock,15.36,8.4,4.581165600189341,3.2722611429923867,36.64932480151473,15,0.0,0.0,Healthy,No action needed; leave as is.,5.12,6.12,0.0,0.0,0.0
2016-04-24,HOUSEHOLD_1_002_WI_3,4,0,0,0,0,0,4,2,6,0,5,3,Healthy,19.52,26.2,1.824312931285768,1.30308066520412,14.594503450286144,4,0.0,0.0,Healthy,No action needed; leave as is.,4.88,6.07,0.0,0.0,0.0
2016-04-24,HOUSEHOLD_1_003_CA_1,17,0,0,0,0,0,17,5,18,0,5,9,Overstock,106.76,29.4,4.878297549567404,3.484498249691003,39.02638039653923,17,0.0,0.0,Healthy,No action needed; leave as is.,6.28,8.97,0.0,0.0,0.0
2016-04-24,HOUSEHOLD_1_003_CA_2,13,0,0,0,0,0,13,7,24,0,5,12,Healthy,81.64,16.6,9.169875100635911,6.549910786168509,73.35900080508729,13,0.0,0.0,Healthy,No action needed; leave as is.,6.28,8.97,0.0,0.0,0.0
2016-04-24,HOUSEHOLD_1_003_CA_3,36,2,2,0,0,0,34,10,38,0,5,19,Overstock,213.52,28.3,18.135593563021978,12.953995402158556,145.08474850417582,34,0.0,0.0,Healthy,No action needed; leave as is.,6.28,8.97,0.0,0.0,0.0
2016-04-24,HOUSEHOLD_1_003_CA_4,14,1,1,0,0,0,13,5,18,0,5,9,Healthy,81.64,24.2,3.6344309629970586,2.5960221164264703,29.07544770397647,13,0.0,0.0,Healthy,No action needed; leave as is.,6.28,8.97,0.0,0.0,0.0
2016-04-24,HOUSEHOLD_1_003_TX_1,5,0,0,0,0,0,5,2,8,0,5,4,Healthy,31.4,21.1,1.932672293906837,1.380480209933455,15.461378351254696,5,0.0,0.0,Healthy,No action needed; leave as is.,6.28,8.97,0.0,0.0,0.0
2016-04-24,HOUSEHOLD_1_003_TX_2,6,0,0,0,0,0,6,3,12,0,5,6,Healthy,37.68,16.6,2.6425545917985804,1.8875389941418432,21.140436734388643,6,0.0,0.0,Healthy,No action needed; leave as is.,6.28,8.97,0.0,0.0,0.0
2016-04-24,HOUSEHOLD_1_003_TX_3,8,2,2,0,0,0,6,3,10,0,5,5,Healthy,37.68,20.7,2.319637498839383,1.6568839277424163,18.557099990715063,6,0.0,0.0,Healthy,No action needed; leave as is.,6.28,8.97,0.0,0.0,0.0
2016-04-24,HOUSEHOLD_1_003_WI_1,24,1,1,0,0,0,23,7,24,0,5,12,Overstock,144.44,28.9,8.624783329217685,6.160559520869775,68.99826663374148,23,0.0,0.0,Healthy,No action needed; leave as is.,6.28,8.97,0.0,0.0,0.0
2016-04-24,HOUSEHOLD_1_003_WI_2,17,0,0,0,0,0,17,5,20,0,5,10,Overstock,106.76,28.2,4.0796892892495915,2.9140637780354224,32.63751431399673,17,0.0,0.0,Healthy,No action needed; leave as is.,6.28,8.97,0.0,0.0,0.0
2016-04-24,HOUSEHOLD_1_003_WI_3,7,1,1,0,0,0,6,3,10,0,5,5,Healthy,37.68,18.9,3.6824669569290824,2.6303335406636306,29.45973565543266,6,0.0,0.0,Healthy,No action needed; leave as is.,6.28,8.97,0.0,0.0,0.0
2016-04-24,HOUSEHOLD_1_004_CA_1,36,0,0,0,0,0,36,11,42,0,5,21,Overstock,59.76,26.6,14.394315669309204,10.281654049506574,115.15452535447363,36,0.0,0.0,Healthy,No action needed; leave as is.,1.66,2.31,0.0,0.0,0.0
2016-04-24,HOUSEHOLD_1_004_CA_2,42,1,1,0,0,0,41,13,46,0,5,23,Overstock,68.06,26.9,16.52516094067742,11.803686386198157,132.20128752541936,41,0.0,0.0,Healthy,No action needed; leave as is.,1.66,2.31,0.0,0.0,0.0
2016-04-24,HOUSEHOLD_1_004_CA_3,0,11,0,11,0,0,0,39,144,144,5,72,Stockout,0.0,0.0,77.51820442639652,55.37014601885466,620.1456354111722,144,0.0,0.0,Healthy,No action needed; leave as is.,1.66,2.31,0.0,0.0,0.0
2016-04-24,HOUSEHOLD_1_004_CA_4,4,5,4,1,0,0,0,4,14,14,5,7,Stockout,0.0,0.0,4.954901511216288,3.539215365154492,39.63921208973031,14,0.0,0.0,Healthy,No action needed; leave as is.,1.66,2.31,0.0,0.0,0.0
2016-04-24,HOUSEHOLD_1_004_TX_1,12,0,0,0,0,0,12,7,24,0,5,12,Healthy,19.8,15.1,7.689842018236296,5.492744298740211,61.518736145890365,12,0.0,0.0,Healthy,No action needed; leave as is.,1.65,1.93,0.0,0.0,0.0
2016-04-24,HOUSEHOLD_1_004_TX_2,5,0,0,0,42,0,47,11,42,0,5,21,Overstock,77.55,34.3,13.819947331468489,9.871390951048921,110.55957865174791,47,0.0,0.0,Healthy,No action needed; leave as is.,1.65,1.92,0.0,0.0,0.0
2016-04-24,HOUSEHOLD_1_004_TX_3,49,0,0,0,0,0,49,14,52,0,5,26,Overstock,80.85,29.4,9.944239870885657,7.10302847920404,79.55391896708525,49,0.0,0.0,Healthy,No action needed; leave as is.,1.65,1.93,0.0,0.0,0.0
2016-04-24,HOUSEHOLD_1_004_WI_1,17,3,3,0,0,0,14,6,20,0,5,10,Healthy,23.24,21.2,7.802645690246215,5.573318350175868,62.42116552196972,14,0.0,0.0,Healthy,No action needed; leave as is.,1.66,2.31,0.0,0.0,0.0
2016-04-24,HOUSEHOLD_1_004_WI_2,53,7,7,0,0,0,46,17,62,0,5,31,Healthy,76.36,22.4,33.04668093727552,23.604772098053942,264.37344749820414,46,0.0,0.0,Healthy,No action needed; leave as is.,1.66,2.31,0.0,0.0,0.0
2016-04-24,HOUSEHOLD_1_004_WI_3,3,1,1,0,48,0,50,13,48,0,5,24,Overstock,83.0,31.4,14.758795933129491,10.541997095092494,118.07036746503593,50,0.0,0.0,Healthy,No action needed; leave as is.,1.66,2.31,0.0,0.0,0.0
2016-04-24,HOUSEHOLD_1_005_CA_1,31,1,1,0,0,0,30,10,36,0,5,18,Overstock,225.0,25.0,13.792083603516735,9.85148828822624,110.33666882813388,30,0.0,0.0,Healthy,No action needed; leave as is.,7.5,10.07,0.0,0.0,0.0
2016-04-24,HOUSEHOLD_1_005_CA_2,32,4,4,0,0,0,28,13,48,0,5,24,Healthy,210.0,17.9,17.900981872202827,12.78641562300202,143.20785497762262,28,0.0,0.0,Healthy,No action needed; leave as is.,7.5,10.07,0.0,0.0,0.0
2016-04-24,HOUSEHOLD_1_005_CA_3,11,0,0,0,0,0,11,10,38,0,5,19,Healthy,76.78,9.1,13.723978643772169,9.802841888408691,109.79182915017735,11,0.0,0.0,Healthy,No action needed; leave as is.,6.98,9.92,0.0,0.0,0.0
2016-04-24,HOUSEHOLD_1_005_CA_4,26,2,2,0,0,0,24,7,24,0,5,12,Overstock,180.0,31.8,5.115913757089029,3.654224112206449,40.92731005671223,24,0.0,0.0,Healthy,No action needed; leave as is.,7.5,10.07,0.0,0.0,0.0
2016-04-24,HOUSEHOLD_1_005_TX_1,15,2,2,0,0,0,13,6,22,0,5,11,Healthy,97.5,19.2,6.05254633014862,4.323247378677586,48.42037064118896,13,0.0,0.0,Healthy,No action needed; leave as is.,7.5,10.07,0.0,0.0,0.0
2016-04-24,HOUSEHOLD_1_005_TX_2,17,1,1,0,0,0,16,8,30,0,5,15,Healthy,120.0,16.4,10.728649017204592,7.6633207265747085,85.82919213763674,16,0.0,0.0,Healthy,No action needed; leave as is.,7.5,10.07,0.0,0.0,0.0
2016-04-24,HOUSEHOLD_1_005_TX_3,17,0,0,0,0,0,17,6,22,0,5,11,Overstock,127.5,24.1,6.882189360625133,4.915849543303667,55.05751488500106,17,0.0,0.0,Healthy,No action needed; leave as is.,7.5,10.02,0.0,0.0,0.0
2016-04-24,HOUSEHOLD_1_005_WI_1,26,0,0,0,0,0,26,8,30,0,5,15,Overstock,195.0,27.4,6.384519704655573,4.560371217611124,51.076157637244584,26,0.0,0.0,Healthy,No action needed; leave as is.,7.5,10.07,0.0,0.0,0.0
2016-04-24,HOUSEHOLD_1_005_WI_2,23,1,1,0,0,0,22,6,22,0,5,11,Overstock,153.56,32.3,11.174815606710029,7.98201114765002,89.39852485368023,22,0.0,0.0,Healthy,No action needed; leave as is.,6.98,9.97,0.0,0.0,0.0
2016-04-24,HOUSEHOLD_1_005_WI_3,13,4,4,0,0,0,9,6,22,0,5,11,Healthy,67.5,12.4,9.454859073948848,6.75347076710632,75.63887259159078,9,0.0,0.0,Healthy,No action needed; leave as is.,7.5,10.07,0.0,0.0,0.0
2016-04-24,HOUSEHOLD_1_006_CA_1,15,4,4,0,0,0,11,10,38,0,5,19,Healthy,53.68,9.1,11.58319941444927,8.273713867463764,92.66559531559416,11,0.0,0.0,Healthy,No action needed; leave as is.,4.88,6.97,0.0,0.0,0.0
2016-04-24,HOUSEHOLD_1_006_CA_2,30,0,0,0,0,0,30,11,38,0,5,19,Overstock,146.4,23.9,7.559312933493568,5.399509238209691,60.474503467948544,30,0.0,0.0,Healthy,No action needed; leave as is.,4.88,6.97,0.0,0.0,0.0
2016-04-24,HOUSEHOLD_1_006_CA_3,11,3,3,0,0,0,8,6,22,0,5,11,Healthy,39.04,11.7,9.377464498437027,6.6981889274550195,75.01971598749621,8,0.0,0.0,Healthy,No action needed; leave as is.,4.88,6.92,0.0,0.0,0.0
2016-04-24,HOUSEHOLD_1_006_CA_4,1,0,0,0,14,0,15,4,14,0,5,7,Overstock,73.2,35.0,4.409579520462279,3.149699657473057,35.276636163698235,15,0.0,0.0,Healthy,No action needed; leave as is.,4.88,6.97,0.0,0.0,0.0
2016-04-24,HOUSEHOLD_1_006_TX_1,11,2,2,0,0,0,9,6,22,0,5,11,Healthy,43.92,12.9,6.983020691247481,4.98787192231963,55.86416552997985,9,0.0,0.0,Healthy,No action needed; leave as is.,4.88,6.97,0.0,0.0,0.0
2016-04-24,HOUSEHOLD_1_006_TX_2,30,2,2,0,0,0,28,10,36,0,5,18,Overstock,136.64,23.7,7.621574893705035,5.443982066932168,60.97259914964028,28,0.0,0.0,Healthy,No action needed; leave as is.,4.88,6.92,0.0,0.0,0.0
2016-04-24,HOUSEHOLD_1_006_TX_3,16,1,1,0,0,0,15,7,24,0,5,12,Healthy,73.2,18.8,9.32252632007469,6.658947371481922,74.58021056059752,15,0.0,0.0,Healthy,No action needed; leave as is.,4.88,6.95,0.0,0.0,0.0
2016-04-24,HOUSEHOLD_1_006_WI_1,7,0,0,0,0,0,7,4,14,0,5,7,Healthy,34.16,15.2,3.919319862498939,2.799514187499242,31.354558899991513,7,0.0,0.0,Healthy,No action needed; leave as is.,4.88,6.97,0.0,0.0,0.0
2016-04-24,HOUSEHOLD_1_006_WI_2,5,2,2,0,0,10,3,3,10,10,5,5,Low Stock,14.64,10.7,3.600418483680213,2.5717274883430092,28.803347869441705,13,0.0,0.0,Healthy,No action needed; leave as is.,4.88,6.97,0.0,0.0,0.0
2016-04-24,HOUSEHOLD_1_006_WI_3,13,2,2,0,0,0,11,6,20,0,5,10,Healthy,53.68,16.8,5.477324569771941,3.9123746926942435,43.81859655817553,11,0.0,0.0,Healthy,No action needed; leave as is.,4.88,6.97,0.0,0.0,0.0
2016-04-24,HOUSEHOLD_1_007_CA_1,9,2,2,0,0,0,7,19,70,70,5,35,Low Stock,7.56,3.0,16.515633490245108,11.796881064460791,132.12506792196086,77,0.0,0.0,Healthy,No action needed; leave as is.,1.08,1.5,0.0,0.0,0.0
2016-04-24,HOUSEHOLD_1_007_CA_2,25,3,3,0,0,0,22,14,52,0,5,26,Healthy,23.76,13.0,10.89133304386921,7.779523602763722,87.13066435095368,22,0.0,0.0,Healthy,No action needed; leave as is.,1.08,1.5,0.0,0.0,0.0
2016-04-24,HOUSEHOLD_1_007_CA_3,80,0,0,0,0,0,80,23,84,0,5,42,Overstock,86.4,29.1,13.788176547873094,9.848697534195068,110.30541238298476,80,0.0,0.0,Healthy,No action needed; leave as is.,1.08,1.5,0.0,0.0,0.0
2016-04-24,HOUSEHOLD_1_007_CA_4,10,0,0,0,0,0,10,10,38,38,5,19,Low Stock,10.8,8.3,6.742757346650681,4.8162552476076295,53.942058773205446,48,0.0,0.0,Healthy,No action needed; leave as is.,1.08,1.5,0.0,0.0,0.0
2016-04-24,HOUSEHOLD_1_007_TX_1,53,4,4,0,0,0,49,20,76,0,5,38,Healthy,50.96,19.7,11.363074021857074,8.116481444183623,90.90459217485659,49,0.0,0.0,Healthy,No action needed; leave as is.,1.04,1.48,0.0,0.0,0.0
2016-04-24,HOUSEHOLD_1_007_TX_2,54,0,0,0,0,0,54,16,58,0,5,29,Overstock,58.32,28.1,8.520210585440877,6.08586470388634,68.16168468352701,54,0.0,0.0,Healthy,No action needed; leave as is.,1.08,1.48,0.0,0.0,0.0
2016-04-24,HOUSEHOLD_1_007_TX_3,1,0,0,0,38,0,39,11,38,0,5,19,Overstock,42.12,31.0,8.313198350748369,5.937998821963121,66.50558680598695,39,0.0,0.0,Healthy,No action needed; leave as is.,1.08,1.5,0.0,0.0,0.0
2016-04-24,HOUSEHOLD_1_007_WI_1,28,0,0,0,0,0,28,14,52,0,5,26,Healthy,30.24,16.3,9.641929912884116,6.887092794917226,77.13543930307293,28,0.0,0.0,Healthy,No action needed; leave as is.,1.08,1.5,0.0,0.0,0.0
2016-04-24,HOUSEHOLD_1_007_WI_2,53,3,3,0,0,0,50,16,60,0,5,30,Overstock,54.0,25.4,15.48273898391756,11.05909927422683,123.86191187134048,50,0.0,0.0,Healthy,No action needed; leave as is.,1.08,1.5,0.0,0.0,0.0
2016-04-24,HOUSEHOLD_1_007_WI_3,50,1,1,0,0,0,49,13,48,0,5,24,Overstock,52.92,31.9,11.306559010284408,8.076113578774578,90.45247208227526,49,0.0,0.0,Healthy,No action needed; leave as is.,1.08,1.5,0.0,0.0,0.0
2016-04-24,HOUSEHOLD_1_008_CA_1,10,0,0,0,0,0,10,4,16,0,5,8,Healthy,38.3,20.9,3.0765876325056047,2.1975625946468607,24.612701060044838,10,0.0,0.0,Healthy,No action needed; leave as is.,3.83,5.43,0.0,0.0,0.0
2016-04-24,HOUSEHOLD_1_008_CA_2,4,0,0,0,0,0,4,4,14,14,5,7,Low Stock,15.32,8.8,2.2983752746522095,1.6416966247515783,18.387002197217676,18,0.0,0.0,Healthy,No action needed; leave as is.,3.83,5.43,0.0,0.0,0.0
2016-04-24,HOUSEHOLD_1_008_CA_3,17,1,1,0,0,0,16,5,20,0,5,10,Overstock,61.28,25.6,4.064430762251971,2.9031648301799793,32.515446098015765,16,0.0,0.0,Healthy,No action needed; leave as is.,3.83,5.43,0.0,0.0,0.0
2016-04-24,HOUSEHOLD_1_008_CA_4,7,0,0,0,0,0,7,3,10,0,5,5,Healthy,26.81,25.6,1.8529496549205808,1.323535467800415,14.823597239364647,7,0.0,0.0,Healthy,No action needed; leave as is.,3.83,5.43,0.0,0.0,0.0
2016-04-24,HOUSEHOLD_1_008_TX_1,5,1,1,0,0,0,4,2,8,0,5,4,Healthy,15.32,19.7,1.4370748937268558,1.0264820669477541,11.496599149814847,4,0.0,0.0,Healthy,No action needed; leave as is.,3.83,5.43,0.0,0.0,0.0
2016-04-24,HOUSEHOLD_1_008_TX_2,6,1,1,0,0,16,5,5,16,16,5,8,Low Stock,19.15,9.5,3.773070397234762,2.695050283739116,30.184563177878097,21,0.0,0.0,Healthy,No action needed; leave as is.,3.83,5.43,0.0,0.0,0.0
2016-04-24,HOUSEHOLD_1_008_TX_3,3,0,0,0,0,0,3,4,14,14,5,7,Low Stock,11.49,7.3,2.498332439192863,1.784523170852045,19.986659513542904,17,0.0,0.0,Healthy,No action needed; leave as is.,3.83,5.42,0.0,0.0,0.0
2016-04-24,HOUSEHOLD_1_008_WI_1,9,0,0,0,0,0,9,3,10,0,5,5,Overstock,34.47,31.8,2.188152554259967,1.5629661101856906,17.505220434079735,9,0.0,0.0,Healthy,No action needed; leave as is.,3.83,5.43,0.0,0.0,0.0
2016-04-24,HOUSEHOLD_1_008_WI_2,8,2,2,0,0,0,6,4,14,0,5,7,Healthy,22.98,13.3,3.233134952792806,2.3093821091377187,25.86507962234245,6,0.0,0.0,Healthy,No action needed; leave as is.,3.83,5.38,0.0,0.0,0.0
2016-04-24,HOUSEHOLD_1_008_WI_3,10,0,0,0,0,0,10,3,10,0,5,5,Overstock,38.3,30.7,1.5075862448699064,1.0768473177642188,12.060689958959252,10,0.0,0.0,Healthy,No action needed; leave as is.,3.83,5.43,0.0,0.0,0.0
2016-04-24,HOUSEHOLD_1_009_CA_1,6,0,0,0,0,0,6,2,6,0,5,3,Overstock,75.48,30.4,6.514400162057189,4.653142972897992,52.11520129645751,6,0.0,0.0,Healthy,No action needed; leave as is.,12.58,17.97,0.0,0.0,0.0
2016-04-24,HOUSEHOLD_1_009_CA_2,5,0,0,0,0,0,5,2,6,0,5,3,Overstock,62.9,26.3,4.788822530313994,3.420587521652853,38.31058024251195,5,0.0,0.0,Healthy,No action needed; leave as is.,12.58,17.97,0.0,0.0,0.0
2016-04-24,HOUSEHOLD_1_009_CA_3,9,3,3,0,0,0,6,3,12,0,5,6,Healthy,75.48,16.5,1.563185867508343,1.1165613339345308,12.505486940066744,6,0.0,0.0,Healthy,No action needed; leave as is.,12.58,17.97,0.0,0.0,0.0
2016-04-24,HOUSEHOLD_1_009_CA_4,1,4,4,0,4,4,1,2,4,4,5,2,Low Stock,12.58,7.9,2.1380982974525726,1.5272130696089805,17.10478637962058,5,0.0,0.0,Healthy,No action needed; leave as is.,12.58,17.97,0.0,0.0,0.0
2016-04-24,HOUSEHOLD_1_009_TX_1,4,0,0,0,0,0,4,1,4,0,5,2,Overstock,50.32,32.3,2.29982987985269,1.6427356284662074,18.39863903882152,4,0.0,0.0,Healthy,No action needed; leave as is.,12.58,17.97,0.0,0.0,0.0
2016-04-24,HOUSEHOLD_1_009_TX_2,4,0,0,0,0,0,4,3,8,0,5,4,Healthy,50.32,15.9,6.61852172644708,4.727515518890772,52.94817381157664,4,0.15388960987725542,0.0,Healthy,No action needed; leave as is.,12.58,17.97,13.073453874467164,0.0,13.073453874467164
2016-04-24,HOUSEHOLD_1_009_TX_3,7,0,0,0,0,0,7,2,6,0,5,3,Overstock,88.06,39.5,3.5432273871741264,2.530876705124376,28.34581909739301,7,0.0,0.0,Healthy,No action needed; leave as is.,12.58,17.97,0.0,0.0,0.0
2016-04-24,HOUSEHOLD_1_009_WI_1,4,0,0,0,0,0,4,1,4,0,5,2,Overstock,50.32,50.3,1.394447341637881,0.9960338154556294,11.155578733103049,4,0.0,0.0,Healthy,No action needed; leave as is.,12.58,17.97,0.0,0.0,0.0
2016-04-24,HOUSEHOLD_1_009_WI_2,5,0,0,0,0,0,5,2,6,0,5,3,Overstock,62.9,36.9,2.5914390376713126,1.8510278840509375,20.7315123013705,5,0.0,0.0,Healthy,No action needed; leave as is.,12.58,17.97,0.0,0.0,0.0
2016-04-24,HOUSEHOLD_1_009_WI_3,4,0,0,0,0,0,4,2,4,0,5,2,Overstock,50.32,31.9,2.6874485359763756,1.9196060971259825,21.499588287811005,4,0.0,0.0,Healthy,No action needed; leave as is.,12.58,17.89,0.0,0.0,0.0
2016-04-24,HOUSEHOLD_1_010_CA_1,4,0,0,0,0,0,4,4,14,14,5,7,Low Stock,8.88,9.4,9.99693614750958,7.140668676792557,79.97548918007664,18,0.0,0.0,Healthy,No action needed; leave as is.,2.22,3.08,0.0,0.0,0.0
2016-04-24,HOUSEHOLD_1_010_CA_2,7,2,2,0,0,0,5,4,14,0,5,7,Healthy,11.1,10.9,4.248412984833877,3.034580703452769,33.987303878671014,5,0.0,0.0,Healthy,No action needed; leave as is.,2.22,3.03,0.0,0.0,0.0
2016-04-24,HOUSEHOLD_1_010_CA_3,3,2,2,0,0,0,1,6,22,22,5,11,Low Stock,2.22,1.5,15.912018007635776,11.365727148311269,127.29614406108621,23,0.0,0.0,Healthy,No action needed; leave as is.,2.22,3.03,0.0,0.0,0.0
2016-04-24,HOUSEHOLD_1_010_CA_4,0,0,0,0,0,0,0,2,6,6,5,3,Stockout,0.0,0.0,0.06697695694460776,0.04784068353186269,0.5358156555568621,6,0.0,0.0,Healthy,No action needed; leave as is.,2.22,3.07,0.0,0.0,0.0
2016-04-24,HOUSEHOLD_1_010_TX_1,8,0,0,0,0,0,8,3,12,0,5,6,Healthy,17.76,21.8,8.822943546695697,6.30210253335407,70.58354837356558,8,0.0,0.0,Healthy,No action needed; leave as is.,2.22,3.03,0.0,0.0,0.0
2016-04-24,HOUSEHOLD_1_010_TX_2,11,2,2,0,0,0,9,5,16,0,5,8,Healthy,19.98,17.3,13.584010973348494,9.702864980963211,108.67208778678796,9,0.0724389118412155,0.0,Healthy,No action needed; leave as is.,2.22,3.03,2.1296808923185298,0.0,2.1296808923185298
2016-04-24,HOUSEHOLD_1_010_TX_3,7,2,2,0,0,0,5,3,12,0,5,6,Healthy,11.1,13.5,0.09932719336581175,0.07094799526129411,0.794617546926494,5,0.0,0.8410764906147012,Markdown / Clear,Promote or discount to free up capital.,2.22,3.03,0.0,9.335949045823185,9.335949045823185
2016-04-24,HOUSEHOLD_1_010_WI_1,2,0,0,0,0,0,2,3,10,10,5,5,Low Stock,4.44,7.3,5.622200438196026,4.015857455854305,44.97760350556821,12,0.0,0.0,Healthy,No action needed; leave as is.,2.22,3.03,0.0,0.0,0.0
2016-04-24,HOUSEHOLD_1_010_WI_2,9,1,1,0,0,0,8,3,10,0,5,5,Overstock,17.76,25.7,10.680794819163328,7.629139156545234,85.44635855330662,8,0.0,0.0,Healthy,No action needed; leave as is.,2.22,3.08,0.0,0.0,0.0
2016-04-24,HOUSEHOLD_1_010_WI_3,4,1,1,0,0,0,3,2,8,0,5,4,Healthy,6.66,13.3,0.009217642438996539,0.006584030313568957,0.07374113951197231,3,0.0,0.9754196201626759,Markdown / Clear,Promote or discount to free up capital.,2.22,3.01,0.0,6.496294670283422,6.496294670283422
